id,name,category,price,rating,scraped_at
064cb703-26cb-4719-83e4-91213a118bb7,It's Only the Himalayas,Travel,45.17,2,2026-05-12 12:46:26.731913
fee3e15e-f088-4a6f-a9cd-14861cb538aa,Full Moon over Noah’s Ark: An Odyssey to Mount Ararat and Beyond,Travel,49.43,4,2026-05-12 12:46:26.731913
da0e32da-f1a3-4b5e-9fbb-20bb2ef0db42,See America: A Celebration of Our National Parks & Treasured Sites,Travel,48.87,3,2026-05-12 12:46:26.731913
98c32583-b972-4cea-96ab-c27890f63cf8,Vagabonding: An Uncommon Guide to the Art of Long-Term World Travel,Travel,36.94,2,2026-05-12 12:46:26.731913
ccd4bc46-50a0-4ab1-8512-0d3a568e6112,Under the Tuscan Sun,Travel,37.33,3,2026-05-12 12:46:26.731913
31f744e3-1177-474a-aa07-5370f79c8661,A Summer In Europe,Travel,44.34,2,2026-05-12 12:46:26.731913
e7da799b-bc33-4cd4-b6b2-9e0d595b1c37,The Great Railway Bazaar,Travel,30.54,1,2026-05-12 12:46:26.731913
59aaf485-3111-42f9-b2cb-fd768cd5d2aa,A Year in Provence (Provence #1),Travel,56.88,4,2026-05-12 12:46:26.731913
2eb6b2f6-9362-4b43-88e3-351db0ac9462,The Road to Little Dribbling: Adventures of an American in Britain (Notes From a Small Island #2),Travel,23.21,1,2026-05-12 12:46:26.731913
1ea55a5d-bd84-4267-9a33-3be4bd1b04de,Neither Here nor There: Travels in Europe,Travel,38.95,3,2026-05-12 12:46:26.731913
c1cdcdb6-b268-403a-a9ab-f4526b0d7580,"1,000 Places to See Before You Die",Travel,26.08,5,2026-05-12 12:46:26.731913
6c9c8888-4729-4081-bd16-c5e020129105,Sharp Objects,Mystery,47.82,4,2026-05-12 12:46:26.731913
2d4a5953-08be-48c1-8f24-e7eafd142722,"In a Dark, Dark Wood",Mystery,19.63,1,2026-05-12 12:46:26.731913
7684e3ad-6520-4bac-9bc4-0fbc0dabd4be,The Past Never Ends,Mystery,56.5,4,2026-05-12 12:46:26.731913
07f6004f-6f08-4552-a163-4ebb3fe4f334,A Murder in Time,Mystery,16.64,1,2026-05-12 12:46:26.731913
b41fa4d2-dee2-4df5-b1e6-ef583ec258e1,The Murder of Roger Ackroyd (Hercule Poirot #4),Mystery,44.1,4,2026-05-12 12:46:26.731913
77bdeeac-49e3-417b-b8d6-daa1627acafd,The Last Mile (Amos Decker #2),Mystery,54.21,2,2026-05-12 12:46:26.731913
54b46e93-acc5-43ca-9d30-d21bbd587cc3,That Darkness (Gardiner and Renner #1),Mystery,13.92,1,2026-05-12 12:46:26.731913
4dbda43f-a5e9-4b5f-a463-f204a21e8c31,Tastes Like Fear (DI Marnie Rome #3),Mystery,10.69,1,2026-05-12 12:46:26.731913
a676df63-58e5-43a8-84e9-65600055c8c9,A Time of Torment (Charlie Parker #14),Mystery,48.35,5,2026-05-12 12:46:26.731913
d3f6c2df-1683-4d0d-8ced-db2568a02460,A Study in Scarlet (Sherlock Holmes #1),Mystery,16.73,2,2026-05-12 12:46:26.731913
06ef8ae5-3679-462b-9fe2-83cebaa29788,Poisonous (Max Revere Novels #3),Mystery,26.8,3,2026-05-12 12:46:26.731913
31c9bb5e-b8d4-4c95-a00e-bb9fbba7546a,Murder at the 42nd Street Library (Raymond Ambler #1),Mystery,54.36,4,2026-05-12 12:46:26.731913
5a36aea4-1c06-4709-bc8b-c6950fb16f16,Most Wanted,Mystery,35.28,3,2026-05-12 12:46:26.731913
bfe96189-4e21-4601-92c7-3ff0d5108f59,Hide Away (Eve Duncan #20),Mystery,11.84,1,2026-05-12 12:46:26.731913
722d6959-c954-4e47-b343-711e690e04b7,Boar Island (Anna Pigeon #19),Mystery,59.48,3,2026-05-12 12:46:26.731913
2147d72d-ec19-42c0-98a8-4a4c2752d8b3,The Widow,Mystery,27.26,2,2026-05-12 12:46:26.731913
8d4e529c-d656-4578-99f7-5a91d9285000,Playing with Fire,Mystery,13.71,3,2026-05-12 12:46:26.731913
6076ad58-0b1d-49aa-b237-24ebd1a6045f,What Happened on Beale Street (Secrets of the South Mysteries #2),Mystery,25.37,5,2026-05-12 12:46:26.731913
65d063a7-e6ed-4fae-9ac5-0df7096d6608,The Bachelor Girl's Guide to Murder (Herringford and Watts Mysteries #1),Mystery,52.3,5,2026-05-12 12:46:26.731913
7c9bc357-042f-44a8-98ef-f4a01a9c9530,Delivering the Truth (Quaker Midwife Mystery #1),Mystery,20.89,4,2026-05-12 12:46:26.731913
3f140ec9-9197-4d74-b098-90c0a3d74b79,The Mysterious Affair at Styles (Hercule Poirot #1),Mystery,24.8,4,2026-05-12 12:46:26.731913
8b729010-f461-4818-93e6-2611e24c500d,In the Woods (Dublin Murder Squad #1),Mystery,38.38,2,2026-05-12 12:46:26.731913
e4829747-475d-4b81-a294-7d4a8a586277,The Silkworm (Cormoran Strike #2),Mystery,23.05,5,2026-05-12 12:46:26.731913
c9775e32-2253-4b89-a825-59327f94b3d8,The Exiled,Mystery,43.45,3,2026-05-12 12:46:26.731913
b2aa8e6e-8fdf-4b38-a053-b1a0a8983c46,The Cuckoo's Calling (Cormoran Strike #1),Mystery,19.21,1,2026-05-12 12:46:26.731913
e71ec9c2-bd00-4d51-b463-2cb6ec3fe465,Extreme Prey (Lucas Davenport #26),Mystery,25.4,3,2026-05-12 12:46:26.731913
d54c3f3e-ec59-42d3-ac86-4db8fbdabe03,Career of Evil (Cormoran Strike #3),Mystery,24.72,2,2026-05-12 12:46:26.731913
b07f2273-ca04-4033-920e-484caa3bd08c,The No. 1 Ladies' Detective Agency (No. 1 Ladies' Detective Agency #1),Mystery,57.7,4,2026-05-12 12:46:26.731913
34709d34-1576-48b9-94ca-79ade82837ad,The Girl You Lost,Mystery,12.29,5,2026-05-12 12:46:26.731913
033dda34-8b35-4b0b-87af-9f4e5ebc2050,The Girl In The Ice (DCI Erika Foster #1),Mystery,15.85,3,2026-05-12 12:46:26.731913
147b54f6-cec2-47a3-a3dd-70f330ff80c6,Blood Defense (Samantha Brinkman #1),Mystery,20.3,3,2026-05-12 12:46:26.731913
1d03c39e-0c2d-4c1f-879e-7433e293c70e,1st to Die (Women's Murder Club #1),Mystery,53.98,1,2026-05-12 12:46:26.731913
2300d854-fe57-426d-b174-9a36acd12fcc,Tipping the Velvet,Historical Fiction,53.74,1,2026-05-12 12:46:26.731913
5bd5091e-5b07-4519-807e-7377529f9995,Forever and Forever: The Courtship of Henry Longfellow and Fanny Appleton,Historical Fiction,29.69,3,2026-05-12 12:46:26.731913
b2d2d722-3331-4614-bafb-40a2ba6953fa,A Flight of Arrows (The Pathfinders #2),Historical Fiction,55.53,5,2026-05-12 12:46:26.731913
09579a75-fa9d-4c07-a98b-759db124903c,The House by the Lake,Historical Fiction,36.95,1,2026-05-12 12:46:26.731913
33f0e164-39da-4835-8041-644913baf7c6,Mrs. Houdini,Historical Fiction,30.25,5,2026-05-12 12:46:26.731913
8cabd2c1-f098-4640-a9d6-1c0dedf542a9,The Marriage of Opposites,Historical Fiction,28.08,4,2026-05-12 12:46:26.731913
ad3d1a21-7eee-4c1b-a5d7-99779967ebf2,Glory over Everything: Beyond The Kitchen House,Historical Fiction,45.84,3,2026-05-12 12:46:26.731913
80d4c510-70d7-4e44-a707-3ed634faec6e,"Love, Lies and Spies",Historical Fiction,20.55,2,2026-05-12 12:46:26.731913
3b5b6991-5ef8-4ccb-8ced-ed57ddab00c2,A Paris Apartment,Historical Fiction,39.01,4,2026-05-12 12:46:26.731913
b5b07a8e-57f5-41d6-a6cd-3e478870f400,Lilac Girls,Historical Fiction,17.28,2,2026-05-12 12:46:26.731913
1231884c-267f-46f9-95a6-c0ade675d91f,The Constant Princess (The Tudor Court #1),Historical Fiction,16.62,3,2026-05-12 12:46:26.731913
66cf5a3e-44f8-48f8-bd3a-27654a7251b3,The Invention of Wings,Historical Fiction,37.34,1,2026-05-12 12:46:26.731913
95102709-080b-4baf-ba88-d9913d7a4ec6,World Without End (The Pillars of the Earth #2),Historical Fiction,32.97,4,2026-05-12 12:46:26.731913
7601c314-57e9-43a9-bb07-1b71dc833c53,The Passion of Dolssa,Historical Fiction,28.32,5,2026-05-12 12:46:26.731913
2f8abe4f-720d-4825-a9a0-5407d1b37b58,Girl With a Pearl Earring,Historical Fiction,26.77,1,2026-05-12 12:46:26.731913
e57fd69a-f12b-42ed-bd43-c4b439dfda1a,Voyager (Outlander #3),Historical Fiction,21.07,5,2026-05-12 12:46:26.731913
77765507-9763-4701-96d5-8a87d8adb664,The Red Tent,Historical Fiction,35.66,5,2026-05-12 12:46:26.731913
7a8652cf-b18d-49b0-b21f-91aa2bb599c0,The Last Painting of Sara de Vos,Historical Fiction,55.55,2,2026-05-12 12:46:26.731913
5a68e208-c11e-4599-9342-658564fba1cd,The Guernsey Literary and Potato Peel Pie Society,Historical Fiction,49.53,1,2026-05-12 12:46:26.731913
a7361696-c6a5-4208-86ba-dd3ac1a0e7a8,Girl in the Blue Coat,Historical Fiction,46.83,2,2026-05-12 12:46:26.731913
b63e9d45-7447-400d-a3f4-0e0af3f6e96f,Between Shades of Gray,Historical Fiction,20.79,5,2026-05-12 12:46:26.731913
7ef6d060-0b3d-494a-bf6c-6d6a51de006a,While You Were Mine,Historical Fiction,41.32,5,2026-05-12 12:46:26.731913
59cb4126-7646-4054-9d5b-fd7b48968514,The Secret Healer,Historical Fiction,34.56,3,2026-05-12 12:46:26.731913
adceb465-c2d3-49fc-91a5-d2c078512e62,Starlark,Historical Fiction,25.83,3,2026-05-12 12:46:26.731913
f45f3719-93b1-4171-8cbc-065d56608959,Lost Among the Living,Historical Fiction,27.7,4,2026-05-12 12:46:26.731913
96508a36-96ba-432a-a64f-6a88943c6b61,A Spy's Devotion (The Regency Spies of London #1),Historical Fiction,16.97,5,2026-05-12 12:46:26.731913
0dca1e21-4405-4976-8f16-0f3986d3829b,Scott Pilgrim's Precious Little Life (Scott Pilgrim #1),Sequential Art,52.29,5,2026-05-12 12:46:26.731913
8a87565d-4c97-4130-88c8-61e087bf67e9,Tsubasa: WoRLD CHRoNiCLE 2 (Tsubasa WoRLD CHRoNiCLE #2),Sequential Art,16.28,1,2026-05-12 12:46:26.731913
1b38cab9-82d6-474c-ad84-dda7dcaef09c,This One Summer,Sequential Art,19.49,4,2026-05-12 12:46:26.731913
3f4374cb-63f1-46d8-a804-0b1d4adc8021,The Nameless City (The Nameless City #1),Sequential Art,38.16,4,2026-05-12 12:46:26.731913
f44f28b6-411f-45eb-b0ba-da376c98bd49,"Saga, Volume 5 (Saga (Collected Editions) #5)",Sequential Art,51.04,2,2026-05-12 12:46:26.731913
38660882-db72-4ef0-8c2c-86f09d2c0b64,"Rat Queens, Vol. 3: Demons (Rat Queens (Collected Editions) #11-15)",Sequential Art,50.4,3,2026-05-12 12:46:26.731913
5dbbca62-0929-4073-a68a-a33de26b541f,"Princess Jellyfish 2-in-1 Omnibus, Vol. 01 (Princess Jellyfish 2-in-1 Omnibus #1)",Sequential Art,13.61,5,2026-05-12 12:46:26.731913
1218ae17-5732-45c9-8c51-4ad56f751cd3,"Pop Gun War, Volume 1: Gift",Sequential Art,18.97,1,2026-05-12 12:46:26.731913
a017f813-3cc3-4e8f-8c60-475d72332295,Patience,Sequential Art,10.16,3,2026-05-12 12:46:26.731913
25d753aa-5fb2-4244-ad1d-901fbdd74511,"Outcast, Vol. 1: A Darkness Surrounds Him (Outcast #1)",Sequential Art,15.44,4,2026-05-12 12:46:26.731913
fb3f4be5-bc74-491d-818b-196af4b4defa,orange: The Complete Collection 1 (orange: The Complete Collection #1),Sequential Art,48.41,1,2026-05-12 12:46:26.731913
55917e70-cbc7-460f-ae89-fda618962260,"Lumberjanes, Vol. 2: Friendship to the Max (Lumberjanes #5-8)",Sequential Art,46.91,2,2026-05-12 12:46:26.731913
57333863-7062-4d31-a093-73cd2e4766b2,"Lumberjanes, Vol. 1: Beware the Kitten Holy (Lumberjanes #1-4)",Sequential Art,45.61,3,2026-05-12 12:46:26.731913
0f819453-3e17-4a16-9532-0327428f3e8d,Lumberjanes Vol. 3: A Terrible Plan (Lumberjanes #9-12),Sequential Art,19.92,2,2026-05-12 12:46:26.731913
4c55148b-890d-4b71-9c5e-26659ab5f67c,"I Hate Fairyland, Vol. 1: Madly Ever After (I Hate Fairyland (Compilations) #1-5)",Sequential Art,29.17,2,2026-05-12 12:46:26.731913
0721d909-944d-4402-babe-0db8e4b4277a,I am a Hero Omnibus Volume 1,Sequential Art,54.63,3,2026-05-12 12:46:26.731913
cc997966-f6cb-4051-ab62-1ce28cb09903,"Giant Days, Vol. 2 (Giant Days #5-8)",Sequential Art,22.11,2,2026-05-12 12:46:26.731913
5b4855a1-be45-4be1-93b8-23ed0a1270ca,Danganronpa Volume 1,Sequential Art,51.99,4,2026-05-12 12:46:26.731913
62329436-1ffc-435d-9028-f17503028343,"Codename Baboushka, Volume 1: The Conclave of Death",Sequential Art,36.72,4,2026-05-12 12:46:26.731913
24f1b920-b409-4749-a658-4b5ec6b8ad81,Camp Midnight,Sequential Art,17.08,4,2026-05-12 12:46:26.731913
f8cddd7d-6392-4ede-b4b7-1dcba8e082f8,"Bitch Planet, Vol. 1: Extraordinary Machine (Bitch Planet (Collected Editions))",Sequential Art,37.92,2,2026-05-12 12:46:26.731913
863fa593-26bc-4ff4-b5a5-c188bfc66ddc,The Shadow Hero (The Shadow Hero),Sequential Art,33.14,1,2026-05-12 12:46:26.731913
4cf1b186-d977-48b2-a954-4affbfb6e592,"Fables, Vol. 1: Legends in Exile (Fables #1)",Sequential Art,41.62,4,2026-05-12 12:46:26.731913
c9385ac1-0fe7-4eb4-bdc5-ed906ef9bb3b,Batman: The Long Halloween (Batman),Sequential Art,36.5,2,2026-05-12 12:46:26.731913
ab8b47f2-8d98-4c81-bb76-d80f65171fca,Batman: The Dark Knight Returns (Batman),Sequential Art,15.38,5,2026-05-12 12:46:26.731913
1102dc2c-6974-49e1-81ea-b495fd41c43c,"Wonder Woman: Earth One, Volume One (Wonder Woman: Earth One #1)",Sequential Art,37.34,4,2026-05-12 12:46:26.731913
c2dc70de-c599-4eac-bc0c-cefaee53e6f7,"We Are Robin, Vol. 1: The Vigilante Business (We Are Robin #1)",Sequential Art,53.9,1,2026-05-12 12:46:26.731913
40da2923-9524-4c9c-adaa-3dc249805f8e,Through the Woods,Sequential Art,25.38,2,2026-05-12 12:46:26.731913
3673153f-e3c5-4e47-b920-e0a10776fbb9,Superman Vol. 1: Before Truth (Superman by Gene Luen Yang #1),Sequential Art,11.89,5,2026-05-12 12:46:26.731913
b0b6c50a-c07c-46e1-9ff6-4fb5c3a13ab3,"So Cute It Hurts!!, Vol. 6 (So Cute It Hurts!! #6)",Sequential Art,35.43,4,2026-05-12 12:46:26.731913
c4309d60-b757-401a-8f7d-83329d0cd904,Robin War,Sequential Art,47.82,3,2026-05-12 12:46:26.731913
b01dd7ba-7c26-477a-a557-adef67bf9a91,"Red Hood/Arsenal, Vol. 1: Open for Business (Red Hood/Arsenal #1)",Sequential Art,25.48,2,2026-05-12 12:46:26.731913
8d7fd090-e844-4c1b-9644-206bce4d8e7e,"Naruto (3-in-1 Edition), Vol. 14: Includes Vols. 40, 41 & 42 (Naruto: Omnibus #14)",Sequential Art,38.39,2,2026-05-12 12:46:26.731913
ce33c31e-c47e-437b-a58f-fe6208825db7,Lowriders to the Center of the Earth (Lowriders in Space #2),Sequential Art,51.51,2,2026-05-12 12:46:26.731913
27139530-20d7-4f0f-9d70-dedaa4064ad5,El Deafo,Sequential Art,57.62,5,2026-05-12 12:46:26.731913
2702009d-0724-4a94-8ac0-51283e39884a,Batman: Europa,Sequential Art,32.01,2,2026-05-12 12:46:26.731913
6e07624c-7be1-467c-875d-a5fb6ea21f09,Art Ops Vol. 1,Sequential Art,48.8,3,2026-05-12 12:46:26.731913
21af7511-f776-4551-92f5-1ea9872c3405,"Adulthood Is a Myth: A ""Sarah's Scribbles"" Collection",Sequential Art,10.9,2,2026-05-12 12:46:26.731913
49fc11bd-3adc-4f50-92f7-00dde40d7f7c,"Fruits Basket, Vol. 9 (Fruits Basket #9)",Sequential Art,33.95,4,2026-05-12 12:46:26.731913
3b1ac094-5104-430b-bed9-f7d7314ff8e2,Roller Girl,Sequential Art,14.1,5,2026-05-12 12:46:26.731913
7e120664-c5b9-42b7-8e2b-621f7bae0616,"Fruits Basket, Vol. 7 (Fruits Basket #7)",Sequential Art,19.57,1,2026-05-12 12:46:26.731913
d34c8635-a5c1-452a-9471-8a9b90b7bdef,"Fruits Basket, Vol. 6 (Fruits Basket #6)",Sequential Art,20.96,4,2026-05-12 12:46:26.731913
ccf02a14-ce6e-49df-9d4d-f4dd473cc8a9,"Death Note, Vol. 6: Give-and-Take (Death Note #6)",Sequential Art,36.39,3,2026-05-12 12:46:26.731913
3b0e1fd8-e435-4340-b637-762d38e1ae84,"Fruits Basket, Vol. 5 (Fruits Basket #5)",Sequential Art,16.33,1,2026-05-12 12:46:26.731913
a2b0b750-4d70-4234-95a4-4f7b5d2877b4,"Death Note, Vol. 5: Whiteout (Death Note #5)",Sequential Art,52.41,1,2026-05-12 12:46:26.731913
68b43e7c-8c26-4acd-a3a2-63749272aaf0,"The Demon Prince of Momochi House, Vol. 4 (The Demon Prince of Momochi House #4)",Sequential Art,27.88,2,2026-05-12 12:46:26.731913
8da6ab86-98db-4db9-b422-f2c977618865,"Fruits Basket, Vol. 4 (Fruits Basket #4)",Sequential Art,50.44,4,2026-05-12 12:46:26.731913
2bd5086b-f668-4a95-b8de-ced72ffa3cb9,"The Wicked + The Divine, Vol. 3: Commercial Suicide (The Wicked + The Divine)",Sequential Art,14.41,3,2026-05-12 12:46:26.731913
832f92a5-226d-4473-9407-57f8a970f346,"The Sandman, Vol. 3: Dream Country (The Sandman (volumes) #3)",Sequential Art,55.55,5,2026-05-12 12:46:26.731913
f90bfdad-f5a2-4dc2-ae49-4a1f4db7f430,"Saga, Volume 3 (Saga (Collected Editions) #3)",Sequential Art,21.57,5,2026-05-12 12:46:26.731913
85908bab-86f8-46b7-b19d-395e81a0560a,Prodigy: The Graphic Novel (Legend: The Graphic Novel #2),Sequential Art,43.63,3,2026-05-12 12:46:26.731913
07b31e5f-77c0-484d-baf3-5658d94800b0,Persepolis: The Story of a Childhood (Persepolis #1-2),Sequential Art,39.13,1,2026-05-12 12:46:26.731913
f77eb6bb-3b3c-453c-b11c-917372e31141,Original Fake,Sequential Art,31.45,3,2026-05-12 12:46:26.731913
6ea377f4-ab22-424a-9dd9-e130aced259a,"Grayson, Vol 3: Nemesis (Grayson #3)",Sequential Art,42.72,1,2026-05-12 12:46:26.731913
0642589e-caab-4f1b-84b5-717bbaeeef3e,"Fruits Basket, Vol. 3 (Fruits Basket #3)",Sequential Art,45.17,2,2026-05-12 12:46:26.731913
3fa25e30-f513-4fa5-8957-9243698ffbe3,"Black Butler, Vol. 1 (Black Butler #1)",Sequential Art,49.31,1,2026-05-12 12:46:26.731913
90e93074-9540-460a-8724-280c73f4c258,Awkward,Sequential Art,38.02,2,2026-05-12 12:46:26.731913
3aed1c97-ae14-4de2-8e8e-49c8a521d49f,"The Sandman, Vol. 2: The Doll's House (The Sandman (volumes) #2)",Sequential Art,54.81,1,2026-05-12 12:46:26.731913
6cfd1464-7ecb-4089-9595-253a29078c4a,"Saga, Volume 2 (Saga (Collected Editions) #2)",Sequential Art,11.75,3,2026-05-12 12:46:26.731913
cdba321b-74e7-47c0-8ca1-3364ef68ae77,"Fruits Basket, Vol. 2 (Fruits Basket #2)",Sequential Art,11.64,5,2026-05-12 12:46:26.731913
00c624f0-bd7a-44b5-b5c2-fe81e9823c20,"Y: The Last Man, Vol. 1: Unmanned (Y: The Last Man #1)",Sequential Art,18.51,4,2026-05-12 12:46:26.731913
0e8f5ce3-d59b-493c-b516-27e57e83ab18,"The Wicked + The Divine, Vol. 1: The Faust Act (The Wicked + The Divine)",Sequential Art,36.52,2,2026-05-12 12:46:26.731913
c51c0219-d23d-4b8a-a8db-70f77abb81db,"The Sandman, Vol. 1: Preludes and Nocturnes (The Sandman (volumes) #1)",Sequential Art,54.12,3,2026-05-12 12:46:26.731913
ed1524e7-ce4d-41be-813d-29b4342a63e8,The Complete Maus (Maus #1-2),Sequential Art,10.64,3,2026-05-12 12:46:26.731913
d03ab256-b340-452c-ada1-06724626c7db,"Skip Beat!, Vol. 01 (Skip Beat! #1)",Sequential Art,42.12,3,2026-05-12 12:46:26.731913
8d53c235-f065-4e3d-97b1-3ea7bc40c12a,"Saga, Volume 1 (Saga (Collected Editions) #1)",Sequential Art,28.48,1,2026-05-12 12:46:26.731913
3d1fd447-2812-4721-b03b-bcef5c35784a,"Rat Queens, Vol. 1: Sass & Sorcery (Rat Queens (Collected Editions) #1-5)",Sequential Art,46.96,5,2026-05-12 12:46:26.731913
9db3d042-c5bc-48a8-8e49-2dec5fbb2151,"Paper Girls, Vol. 1 (Paper Girls #1-5)",Sequential Art,21.71,4,2026-05-12 12:46:26.731913
0d291d1c-d734-4f1f-8a38-7e4a74d4219a,"Ouran High School Host Club, Vol. 1 (Ouran High School Host Club #1)",Sequential Art,29.87,3,2026-05-12 12:46:26.731913
d6c997a6-9c24-4f79-85e1-ec1bf0fc61ec,"Ms. Marvel, Vol. 1: No Normal (Ms. Marvel (2014-2015) #1)",Sequential Art,39.39,4,2026-05-12 12:46:26.731913
d93785e7-f436-4b41-a910-de7061592a99,"Hawkeye, Vol. 1: My Life as a Weapon (Hawkeye #1)",Sequential Art,45.24,3,2026-05-12 12:46:26.731913
81dfe0f6-5963-4900-9cec-9c8fb346565a,"Giant Days, Vol. 1 (Giant Days #1-4)",Sequential Art,56.76,4,2026-05-12 12:46:26.731913
02d5ae45-8867-45c9-b135-60efabfdccc4,"Fruits Basket, Vol. 1 (Fruits Basket #1)",Sequential Art,40.28,5,2026-05-12 12:46:26.731913
958fd58a-3d7b-4a6a-8f7b-1500ce9dfa15,"Bleach, Vol. 1: Strawberry and the Soul Reapers (Bleach #1)",Sequential Art,34.65,5,2026-05-12 12:46:26.731913
a2e0364c-f79f-44f8-8dc8-405d2473d569,"Ajin: Demi-Human, Volume 1 (Ajin: Demi-Human #1)",Sequential Art,57.06,4,2026-05-12 12:46:26.731913
7a04b948-c480-4264-a2a8-39709b6135c1,The Secret Garden,Classics,15.08,4,2026-05-12 12:46:26.731913
0ab30f48-400f-49a2-9673-6abd7d01c763,The Metamorphosis,Classics,28.58,1,2026-05-12 12:46:26.731913
76421d55-5ec3-4c71-80fd-7d06c1565d5b,The Pilgrim's Progress,Classics,50.26,2,2026-05-12 12:46:26.731913
f441bd7c-5ce4-427f-abd1-a519bd9863df,The Hound of the Baskervilles (Sherlock Holmes #5),Classics,14.82,2,2026-05-12 12:46:26.731913
b537b5b3-d001-42ab-8d23-283bcb27c3cf,Little Women (Little Women #1),Classics,28.07,4,2026-05-12 12:46:26.731913
2b3738cf-2624-455f-9dfc-b97f4bc023e9,Gone with the Wind,Classics,32.49,3,2026-05-12 12:46:26.731913
1b84b944-c64b-4b90-879e-cb02ff75eb3c,Candide,Classics,58.63,3,2026-05-12 12:46:26.731913
8f001e03-c90f-4e27-bafe-7caf18b6dddc,Animal Farm,Classics,57.22,3,2026-05-12 12:46:26.731913
65d79121-7cb8-4360-aa10-88443b5fe824,Wuthering Heights,Classics,17.73,3,2026-05-12 12:46:26.731913
7e982864-0916-458e-8917-7e893ab1031b,The Picture of Dorian Gray,Classics,29.7,2,2026-05-12 12:46:26.731913
ede4f47b-1f4a-47df-bb08-4bf17d9687ff,The Complete Stories and Poems (The Works of Edgar Allan Poe [Cameo Edition]),Classics,26.78,4,2026-05-12 12:46:26.731913
1cfc4420-6a89-4559-a02e-bd65adda8b4f,Beowulf,Classics,38.35,2,2026-05-12 12:46:26.731913
3f72f7e8-0c87-40c0-a9be-76bf97d9994a,And Then There Were None,Classics,35.01,2,2026-05-12 12:46:26.731913
103926c1-3b0c-4fe1-80af-37bee651c611,The Story of Hong Gildong,Classics,43.19,4,2026-05-12 12:46:26.731913
f982fd34-6ff4-4262-bb9b-82eec7810e12,The Little Prince,Classics,45.42,2,2026-05-12 12:46:26.731913
b7d4fabf-2cd2-467e-b97c-61de6cf33fe1,Sense and Sensibility,Classics,37.46,1,2026-05-12 12:46:26.731913
7662083b-2ac4-450c-9c0a-4ad037e3a801,Of Mice and Men,Classics,47.11,2,2026-05-12 12:46:26.731913
3f139238-e6ff-43b9-8374-e8ad3c012de1,Emma,Classics,32.93,2,2026-05-12 12:46:26.731913
f97b0fbf-11fd-4889-81f6-9e89011e0c20,Alice in Wonderland (Alice's Adventures in Wonderland #1),Classics,55.53,1,2026-05-12 12:46:26.731913
b4a3d044-2935-4384-bcee-f48c24ff49b1,Sophie's World,Philosophy,15.94,5,2026-05-12 12:46:26.731913
d461661e-aa1d-4bba-970d-e6fcefdb6bc0,The Death of Humanity: and the Case for Life,Philosophy,58.11,4,2026-05-12 12:46:26.731913
ea30273d-d892-4de1-bbe6-31eda64423e6,The Stranger,Philosophy,17.44,4,2026-05-12 12:46:26.731913
e987704b-b8a0-45b0-8d17-2aaffa04227b,Proofs of God: Classical Arguments from Tertullian to Barth,Philosophy,54.21,1,2026-05-12 12:46:26.731913
88d0c0d5-b734-45cf-a568-d8647dc0d527,Kierkegaard: A Christian Missionary to Christians,Philosophy,47.13,1,2026-05-12 12:46:26.731913
b99e386e-f6b0-45bd-bc1a-abc357faf5ab,"At The Existentialist Café: Freedom, Being, and apricot cocktails with: Jean-Paul Sartre, Simone de Beauvoir, Albert Camus, Martin Heidegger, Edmund Husserl, Karl Jaspers, Maurice Merleau-Ponty and others",Philosophy,29.93,5,2026-05-12 12:46:26.731913
4947e876-1f8f-47b7-a114-d943a3ee0843,Critique of Pure Reason,Philosophy,20.75,1,2026-05-12 12:46:26.731913
9d0ed2a5-7cfb-4392-84ba-0f8dda63ab87,"Run, Spot, Run: The Ethics of Keeping Pets",Philosophy,20.02,1,2026-05-12 12:46:26.731913
27356551-34a1-4881-8dec-0f8cee6bde89,The Nicomachean Ethics,Philosophy,36.34,1,2026-05-12 12:46:26.731913
fc78448d-9b22-4832-9465-21c75bdf47b7,Meditations,Philosophy,25.89,2,2026-05-12 12:46:26.731913
bb81fe25-b8a9-4402-979a-bf90ee215a91,Beyond Good and Evil,Philosophy,43.38,1,2026-05-12 12:46:26.731913
127f5e69-95c3-4f02-b8ac-0517ab18307e,Chase Me (Paris Nights #2),Romance,25.27,5,2026-05-12 12:46:26.731913
cc64dc0b-6cb2-4c7d-b471-0a8f6cfff9da,Black Dust,Romance,34.53,5,2026-05-12 12:46:26.731913
659a8586-acdf-4c50-b569-21cdef61bcf3,Her Backup Boyfriend (The Sorensen Family #1),Romance,33.97,1,2026-05-12 12:46:26.731913
24b9597d-fe0b-482f-b96a-63faaf6e78d5,First and First (Five Boroughs #3),Romance,15.97,4,2026-05-12 12:46:26.731913
b9698e5b-8ae6-46af-b331-60e3f4d72c15,Fifty Shades Darker (Fifty Shades #2),Romance,21.96,1,2026-05-12 12:46:26.731913
04041589-2f56-4fc2-b88d-b17267b38847,The Wedding Dress,Romance,24.12,1,2026-05-12 12:46:26.731913
6785e808-b0a9-4049-bd93-5178b5017408,Suddenly in Love (Lake Haven #1),Romance,55.99,2,2026-05-12 12:46:26.731913
e7ac95f6-9c10-4d74-8dc3-14615181da03,Something More Than This,Romance,16.24,4,2026-05-12 12:46:26.731913
231cd732-189d-4bfe-a5eb-30ce2a1e6a27,Doing It Over (Most Likely To #1),Romance,35.61,3,2026-05-12 12:46:26.731913
cc962edb-d78d-485e-9126-771b5aa0b424,The Wedding Pact (The O'Malleys #2),Romance,32.61,3,2026-05-12 12:46:26.731913
c7ca97d7-3cc6-40ba-90bb-b4097dbd2f82,Hold Your Breath (Search and Rescue #1),Romance,28.82,1,2026-05-12 12:46:26.731913
1c8017e2-ffb0-445d-b383-bf16c7951995,Dirty (Dive Bar #1),Romance,40.83,4,2026-05-12 12:46:26.731913
1bb65f89-262f-4f54-a3d1-b07fc1e1e133,Take Me Home Tonight (Rock Star Romance #3),Romance,53.98,3,2026-05-12 12:46:26.731913
d1e96f02-7f12-4296-9aa9-f8ecaf2fc2c4,Off the Hook (Fishing for Trouble #1),Romance,47.67,3,2026-05-12 12:46:26.731913
63273f61-463b-4680-9d63-c22d8f1ba139,A Gentleman's Position (Society of Gentlemen #3),Romance,14.75,5,2026-05-12 12:46:26.731913
62aa1366-92b9-4c11-b875-5d12c2eab37b,"Sit, Stay, Love",Romance,20.9,3,2026-05-12 12:46:26.731913
c3960c92-f3b3-435b-924f-18e75b3b03fe,A Girl's Guide to Moving On (New Beginnings #2),Romance,31.3,1,2026-05-12 12:46:26.731913
ac0aa22d-6f70-4707-a8c3-9a5a8e782e2b,The Perfect Play (Play by Play #1),Romance,59.99,3,2026-05-12 12:46:26.731913
58420130-04ec-47ab-8a3a-91396f34806d,Dark Lover (Black Dagger Brotherhood #1),Romance,12.87,1,2026-05-12 12:46:26.731913
25857908-e77b-4639-b9f0-7bfe580026fe,Changing the Game (Play by Play #2),Romance,13.38,3,2026-05-12 12:46:26.731913
ab1ffbb6-31e4-4a09-8b3e-b3775665aeef,A Walk to Remember,Romance,56.43,1,2026-05-12 12:46:26.731913
4f29d3b9-839a-42a9-834d-61c6fb43433a,The Purest Hook (Second Circle Tattoos #3),Romance,12.25,1,2026-05-12 12:46:26.731913
d816bb4c-cfc0-45d5-9faf-e24b8c37d4e4,The Obsession,Romance,45.43,1,2026-05-12 12:46:26.731913
63af5bea-9db6-4118-89e2-550cf6a142b1,Reservations for Two,Romance,11.1,3,2026-05-12 12:46:26.731913
f4019def-4705-42e2-8a8e-1464ac0e4444,Best of My Love (Fool's Gold #20),Romance,27.41,2,2026-05-12 12:46:26.731913
7e26f33a-f6a8-4adf-8c25-d2befbd1f1b9,Where Lightning Strikes (Bleeding Stars #3),Romance,39.77,3,2026-05-12 12:46:26.731913
741eab9e-f82d-487e-9ab6-f13e137ec1cb,This One Moment (Pushing Limits #1),Romance,48.71,1,2026-05-12 12:46:26.731913
02593b95-a42e-40a8-9a96-f1fae7bc1acd,"Rhythm, Chord & Malykhin",Romance,28.34,2,2026-05-12 12:46:26.731913
6ec15daa-d332-4e75-abb0-34ed36d0cbc6,My Perfect Mistake (Over the Top #1),Romance,38.92,2,2026-05-12 12:46:26.731913
262d9dbd-b793-41cb-8d9c-9fe1858e72d4,Listen to Me (Fusion #1),Romance,58.99,3,2026-05-12 12:46:26.731913
0ace9d67-2827-49aa-91bc-331917f6dbd1,Imperfect Harmony,Romance,34.74,4,2026-05-12 12:46:26.731913
73999610-e4c6-411f-a7c3-a80bf2a51f83,Fighting Fate (Fighting #6),Romance,39.24,3,2026-05-12 12:46:26.731913
7235aac5-0f2e-4328-a575-7a86abf6d6db,Deep Under (Walker Security #1),Romance,47.09,5,2026-05-12 12:46:26.731913
38aeaca7-6e8a-4c1c-9cb9-e3f38d76d16b,Charity's Cross (Charles Towne Belles #4),Romance,41.24,1,2026-05-12 12:46:26.731913
dcd95af9-850c-4592-afa4-ef2fc0ec042a,Bounty (Colorado Mountain #7),Romance,37.26,4,2026-05-12 12:46:26.731913
4266d40c-e7f7-43db-9e25-4f03e5bb8585,I Had a Nice Time And Other Lies...: How to find love & sh*t like that,Womens Fiction,57.36,4,2026-05-12 12:46:26.731913
bf10fdc9-3d11-471b-9ec0-f5ba37eefa1c,Will You Won't You Want Me?,Womens Fiction,13.86,3,2026-05-12 12:46:26.731913
fd70051c-6f49-47cd-ae70-80e9cad01ac5,Keep Me Posted,Womens Fiction,20.46,4,2026-05-12 12:46:26.731913
d8d7adc8-6bb7-46ff-a059-69d759686a0f,Grey (Fifty Shades #4),Womens Fiction,48.49,4,2026-05-12 12:46:26.731913
f7bb0ea6-6641-4973-868d-ae8d9cf96a85,Meternity,Womens Fiction,43.58,3,2026-05-12 12:46:26.731913
74f04388-c148-417d-a18d-cfc0ffd4a333,Some Women,Womens Fiction,13.73,5,2026-05-12 12:46:26.731913
57c0d971-6f9d-4672-a3b1-7ba998ce3b0e,Shopaholic Ties the Knot (Shopaholic #3),Womens Fiction,48.39,5,2026-05-12 12:46:26.731913
52943dee-2822-4a4d-98be-e43378cd4f38,Can You Keep a Secret?,Womens Fiction,21.94,1,2026-05-12 12:46:26.731913
df394b17-e550-43b1-aee1-7da578403b55,Twenties Girl,Womens Fiction,42.8,2,2026-05-12 12:46:26.731913
e7014c0d-d53e-415b-b837-48f614127d8b,The Undomestic Goddess,Womens Fiction,45.75,4,2026-05-12 12:46:26.731913
170f5fc7-2831-4ee8-98cb-de39d8bdc7a4,The Nanny Diaries (Nanny #1),Womens Fiction,52.53,5,2026-05-12 12:46:26.731913
0dddeab9-241d-4321-be36-f60fbffce880,The Devil Wears Prada (The Devil Wears Prada #1),Womens Fiction,44.29,1,2026-05-12 12:46:26.731913
1e2d4fb5-817d-44c8-a54b-baa4981546a2,Something Borrowed (Darcy & Rachel #1),Womens Fiction,48.96,5,2026-05-12 12:46:26.731913
c75cca93-0be3-4864-b3d4-432a01482607,Something Blue (Darcy & Rachel #2),Womens Fiction,54.62,1,2026-05-12 12:46:26.731913
e0b7b917-8879-4bfd-933a-9272272e5d9d,I've Got Your Number,Womens Fiction,19.69,1,2026-05-12 12:46:26.731913
fa5f28b9-74bc-48cb-b1cb-1cdeea2e6264,The Edge of Reason (Bridget Jones #2),Womens Fiction,19.18,4,2026-05-12 12:46:26.731913
2d943edd-88cd-4a9a-b19a-58911e7887cd,Bridget Jones's Diary (Bridget Jones #1),Womens Fiction,29.82,1,2026-05-12 12:46:26.731913
8974818e-d65c-4ada-964f-2148d3123931,Soumission,Fiction,50.1,1,2026-05-12 12:46:26.731913
6033b806-6117-4f5f-927f-14c713d6c97c,Private Paris (Private #10),Fiction,47.61,5,2026-05-12 12:46:26.731913
7ef94637-e1b8-4eb2-9555-2ad6a4581e59,"We Love You, Charlie Freeman",Fiction,50.27,5,2026-05-12 12:46:26.731913
20d45bce-7ab9-4952-a6ab-1bc5cbfecf1a,Thirst,Fiction,17.27,5,2026-05-12 12:46:26.731913
82f618a6-0625-41f8-9e23-c097c7ff6cf1,The Murder That Never Was (Forensic Instincts #5),Fiction,54.11,3,2026-05-12 12:46:26.731913
247b8af7-8a71-40fd-96eb-29b5daf3ba66,Tuesday Nights in 1980,Fiction,21.04,2,2026-05-12 12:46:26.731913
5fe90c1a-900c-47c2-8dea-3d39a9f54fce,The Vacationers,Fiction,42.15,4,2026-05-12 12:46:26.731913
4c47b0c2-7c5a-4aab-8f09-422a4e0f94bf,The Regional Office Is Under Attack!,Fiction,51.36,5,2026-05-12 12:46:26.731913
c7a40bf2-6d77-4a82-9a18-ae16f5f1be09,Finders Keepers (Bill Hodges Trilogy #2),Fiction,53.53,5,2026-05-12 12:46:26.731913
eac48b8a-c206-42a6-b9fa-46c82568b0de,The Time Keeper,Fiction,27.88,5,2026-05-12 12:46:26.731913
04f1624c-9d7a-42f2-80a5-2b9c033aae7a,The Testament of Mary,Fiction,52.67,4,2026-05-12 12:46:26.731913
028db150-e15c-452d-8b18-ee68fd9c7135,The First Hostage (J.B. Collins #2),Fiction,25.85,3,2026-05-12 12:46:26.731913
187bfdbd-08b8-4ea2-bea2-2fa5d04e504b,Take Me with You,Fiction,45.21,3,2026-05-12 12:46:26.731913
f98cd429-e895-4031-bd98-6088b159eede,Still Life with Bread Crumbs,Fiction,26.41,3,2026-05-12 12:46:26.731913
fb25acc0-c3b3-4cee-ab0e-1dcd4748c488,Shtum,Fiction,55.84,4,2026-05-12 12:46:26.731913
e6ac879b-7604-4cca-b446-39e40f9d7c98,My Name Is Lucy Barton,Fiction,41.56,1,2026-05-12 12:46:26.731913
b3136567-9ec8-4333-9b8e-c32b40a0bb10,My Mrs. Brown,Fiction,24.48,3,2026-05-12 12:46:26.731913
8d686bf9-d1b5-4809-b63b-908d46fd0143,Mr. Mercedes (Bill Hodges Trilogy #1),Fiction,28.9,1,2026-05-12 12:46:26.731913
5de12b39-8a44-4783-a584-135c42873f18,I Am Pilgrim (Pilgrim #1),Fiction,10.6,4,2026-05-12 12:46:26.731913
97661fd8-e4fc-4798-9605-675133bd08d5,Eligible (The Austen Project #4),Fiction,27.09,3,2026-05-12 12:46:26.731913
6ebd4c34-3cf4-4757-a1db-72a6790c6590,Eight Hundred Grapes,Fiction,14.39,4,2026-05-12 12:46:26.731913
aefc9638-879d-4d8d-8ac7-0918d232f190,Dear Mr. Knightley,Fiction,11.21,5,2026-05-12 12:46:26.731913
aa52471a-ccb6-46a2-86c1-e8eddd655cb0,Cometh the Hour (The Clifton Chronicles #6),Fiction,25.01,3,2026-05-12 12:46:26.731913
c6c13756-5f07-41dd-8492-73c52ee53308,Balloon Animals,Fiction,17.03,3,2026-05-12 12:46:26.731913
e7f75aa5-fbf2-413e-80e0-9c70cb0257ea,A Man Called Ove,Fiction,39.72,1,2026-05-12 12:46:26.731913
aa553e66-b967-487f-ad91-d8cba291753a,The Silent Sister (Riley MacPherson #1),Fiction,46.29,5,2026-05-12 12:46:26.731913
d46ee38d-1d08-4167-a3fb-86914575939c,The Dinner Party,Fiction,56.54,2,2026-05-12 12:46:26.731913
ba0d6162-29bd-4c35-be8a-76869661f29a,The Improbability of Love,Fiction,59.45,1,2026-05-12 12:46:26.731913
cba6de8c-347a-4bde-a0c2-dba43fbb7db6,Mothering Sunday,Fiction,13.34,2,2026-05-12 12:46:26.731913
537d7764-0768-4b80-806f-237517912dc9,Lies and Other Acts of Love,Fiction,45.14,1,2026-05-12 12:46:26.731913
bc9bd0b6-51e0-4cd1-935c-fabe0dc075b5,Daredevils,Fiction,16.34,3,2026-05-12 12:46:26.731913
ddd8e9d3-384e-4bad-8f95-6da344ab3a42,11/22/63,Fiction,48.48,3,2026-05-12 12:46:26.731913
789e29ba-0a86-41d5-b35b-3ac660812ff2,The Shack,Fiction,28.03,1,2026-05-12 12:46:26.731913
4b96ae8b-76ff-4b13-ae29-189d8208bb82,The High Mountains of Portugal,Fiction,51.15,1,2026-05-12 12:46:26.731913
70730436-0655-41dc-b823-dc60f5c13716,Miller's Valley,Fiction,58.54,2,2026-05-12 12:46:26.731913
b58f812e-b15b-40b1-972b-da38f921cf76,Hystopia: A Novel,Fiction,21.96,4,2026-05-12 12:46:26.731913
c318fd92-f0ef-4825-8a31-d7bbe868c504,The Bourne Identity (Jason Bourne #1),Fiction,42.78,4,2026-05-12 12:46:26.731913
3d05b3e7-66e1-44ef-9bd2-c41e0561e72c,Sister Dear,Fiction,40.2,4,2026-05-12 12:46:26.731913
5a6529eb-8b15-4039-ad74-0cfda4610200,Memoirs of a Geisha,Fiction,49.67,3,2026-05-12 12:46:26.731913
6a47329b-824e-43fa-b231-f5635f128fe6,Me Before You (Me Before You #1),Fiction,19.02,1,2026-05-12 12:46:26.731913
b20c36cb-c6d4-4aa2-87a4-93a5d5dbe329,Deception Point,Fiction,40.32,4,2026-05-12 12:46:26.731913
6fed13e1-dcc9-49dd-8eab-a634a255d1b2,The Little Paris Bookshop,Fiction,24.73,3,2026-05-12 12:46:26.731913
c153313d-8a9a-497c-b183-5a85c2cf10f9,The Firm,Fiction,45.56,3,2026-05-12 12:46:26.731913
ea334c95-af9a-47d3-8e83-d35a156a0e9c,The Expatriates,Fiction,44.58,2,2026-05-12 12:46:26.731913
bf1ec68a-7ccc-4245-9b34-8e61c2cfd925,Siddhartha,Fiction,34.22,5,2026-05-12 12:46:26.731913
e290eb76-dcb8-4a7c-959a-34f7b4520d69,Last One Home (New Beginnings #1),Fiction,59.98,3,2026-05-12 12:46:26.731913
0455333d-4c6f-462b-8660-6c61e5955498,Digital Fortress,Fiction,58.0,5,2026-05-12 12:46:26.731913
469e34bf-ece7-4e39-93b6-131cd5b9a201,Atlas Shrugged,Fiction,26.58,5,2026-05-12 12:46:26.731913
4eade1d8-1000-42d8-8e78-9072c5216283,Three-Martini Lunch,Fiction,23.21,3,2026-05-12 12:46:26.731913
989e544a-1cae-4c80-8321-598966d8931c,The Nightingale,Fiction,26.26,4,2026-05-12 12:46:26.731913
50d73845-efa2-400e-9f0e-6c43b4c96fc4,The Infinities,Fiction,27.41,1,2026-05-12 12:46:26.731913
672f147f-ff31-45ae-b1a3-92cae33f8327,The Husband's Secret,Fiction,52.51,5,2026-05-12 12:46:26.731913
ce298327-0ce4-4ffd-a1a4-923f17bb2025,The Da Vinci Code (Robert Langdon #2),Fiction,22.96,2,2026-05-12 12:46:26.731913
b2f14d9c-3a57-43c0-80ca-6f1be1ace9d2,The Art of Fielding,Fiction,22.1,1,2026-05-12 12:46:26.731913
4fc25049-9b08-44a9-b6f3-942781c31f9c,Lila (Gilead #3),Fiction,12.47,3,2026-05-12 12:46:26.731913
c0350482-000e-4cca-a13a-76dd506dee44,Jurassic Park (Jurassic Park #1),Fiction,44.97,1,2026-05-12 12:46:26.731913
313e66bf-b9e4-492e-90e2-4e7e1b8acc72,Inferno (Robert Langdon #4),Fiction,41.0,5,2026-05-12 12:46:26.731913
db71a03c-621c-417d-9771-bdddc4183028,Crazy Rich Asians (Crazy Rich Asians #1),Fiction,49.13,5,2026-05-12 12:46:26.731913
b99a35ee-9361-4c20-b2fb-9a3b6c5bec22,Big Little Lies,Fiction,22.11,1,2026-05-12 12:46:26.731913
d6ee30ba-9924-4df5-8259-60d8a4b390df,The Course of Love,Fiction,16.78,3,2026-05-12 12:46:26.731913
57fb7d63-550b-4733-a99c-8a496b439dba,When I'm Gone,Fiction,51.96,3,2026-05-12 12:46:26.731913
c00d00d2-34c8-4180-9d46-3ee5ba7c53cb,The Silent Wife,Fiction,12.34,5,2026-05-12 12:46:26.731913
0c278f98-4d45-4e27-b0a0-16a00781a73d,The Bette Davis Club,Fiction,30.66,3,2026-05-12 12:46:26.731913
20e45933-7170-417d-b91e-ea4823881c8d,Kitchens of the Great Midwest,Fiction,57.2,5,2026-05-12 12:46:26.731913
a92bb510-c000-40b1-9bb9-ebb8b7d873a0,Bright Lines,Fiction,39.07,5,2026-05-12 12:46:26.731913
cb70e0c9-c4f1-441f-9cd5-e41fdc07a2d0,Birdsong: A Story in Pictures,Childrens,54.64,3,2026-05-12 12:46:26.731913
1f19080e-fcd3-4aae-8d97-38ec7c9524de,The Bear and the Piano,Childrens,36.89,1,2026-05-12 12:46:26.731913
bae5de5d-f6e6-4bb9-9788-dc492de6e8aa,The Secret of Dreadwillow Carse,Childrens,56.13,1,2026-05-12 12:46:26.731913
216b326c-2ea1-4366-97b8-b9999784a091,The White Cat and the Monk: A Retelling of the Poem “Pangur Bán”,Childrens,58.08,4,2026-05-12 12:46:26.731913
a36109fb-1d27-487e-ad22-c2ab44e8db8a,Little Red,Childrens,13.47,3,2026-05-12 12:46:26.731913
59d5c179-63d8-4d28-bdb2-778b3732a807,Walt Disney's Alice in Wonderland,Childrens,12.96,5,2026-05-12 12:46:26.731913
33b782bc-70b5-49a6-9bd6-a3c48e313efc,Twenty Yawns,Childrens,22.08,2,2026-05-12 12:46:26.731913
413955ec-d018-4a20-8491-a20d23490a8f,Rain Fish,Childrens,23.57,3,2026-05-12 12:46:26.731913
6fccc1aa-cd43-4a7c-86fb-cc98129b44f0,Once Was a Time,Childrens,18.28,2,2026-05-12 12:46:26.731913
a0a545dd-fbc4-48e2-a0de-4e1c4d112399,Luis Paints the World,Childrens,53.95,3,2026-05-12 12:46:26.731913
a3eda12c-3bb0-41d2-b4db-be3ec52137da,Nap-a-Roo,Childrens,25.08,1,2026-05-12 12:46:26.731913
02d8e0bf-f7c3-409d-9460-39e7aa4a610a,The Whale,Childrens,35.96,4,2026-05-12 12:46:26.731913
10e2248b-f499-4096-8bbf-6c3d025467f9,"Shrunken Treasures: Literary Classics, Short, Sweet, and Silly",Childrens,52.87,3,2026-05-12 12:46:26.731913
91cfed06-7532-44c7-a4a6-d9aca8970f4c,Raymie Nightingale,Childrens,34.41,2,2026-05-12 12:46:26.731913
c5a11cfe-b1bc-49fe-8a2f-341a3b26c14d,Playing from the Heart,Childrens,32.38,1,2026-05-12 12:46:26.731913
f57761bf-d80b-4854-98a0-e98c31634bb0,Maybe Something Beautiful: How Art Transformed a Neighborhood,Childrens,22.54,1,2026-05-12 12:46:26.731913
8e6be503-11f0-4a70-a341-0084c835c0c0,The Wild Robot,Childrens,56.07,3,2026-05-12 12:46:26.731913
844e096f-edd9-492d-afb1-e9d7e1c8cc64,The Thing About Jellyfish,Childrens,48.77,1,2026-05-12 12:46:26.731913
c83eaae3-b9e8-4cee-96d9-664a78b026c0,The Lonely Ones,Childrens,43.59,5,2026-05-12 12:46:26.731913
85348cb6-cb46-4798-8177-763cdf533db1,The Day the Crayons Came Home (Crayons),Childrens,26.33,5,2026-05-12 12:46:26.731913
aedbfcec-509b-47fd-9182-7c22fab5d990,The Cat in the Hat (Beginner Books B-1),Childrens,16.26,2,2026-05-12 12:46:26.731913
6adb02d7-343e-41f1-bcd8-4c2b0e2860be,Red: The True Story of Red Riding Hood,Childrens,28.54,3,2026-05-12 12:46:26.731913
380a91af-007a-440c-bfe7-94e34788852f,Horrible Bear!,Childrens,37.52,2,2026-05-12 12:46:26.731913
12e84974-35be-49c4-beb3-8d61b43b794e,Green Eggs and Ham (Beginner Books B-16),Childrens,10.79,4,2026-05-12 12:46:26.731913
a72f7bc6-2a04-4796-94db-871855ff7ff9,Counting Thyme,Childrens,10.62,1,2026-05-12 12:46:26.731913
b895a501-f2e2-4c3a-a631-5d6870b387e8,Are We There Yet?,Childrens,10.66,3,2026-05-12 12:46:26.731913
dfd68fc3-f3a4-4725-b3e7-f09aaf121402,Diary of a Minecraft Zombie Book 1: A Scare of a Dare (An Unofficial Minecraft Book),Childrens,52.88,4,2026-05-12 12:46:26.731913
610b31ea-fe71-48c8-a3cf-ce827dedfb8e,Matilda,Childrens,28.34,1,2026-05-12 12:46:26.731913
a1caf36b-fa25-4eb0-b48b-a8109ebc82cb,Charlie and the Chocolate Factory (Charlie Bucket #1),Childrens,22.85,3,2026-05-12 12:46:26.731913
ec099374-2c61-4312-86d9-60ec8e41ab60,"Don't Be a Jerk: And Other Practical Advice from Dogen, Japan's Greatest Zen Master",Religion,37.97,2,2026-05-12 12:46:26.731913
b2bf135d-8507-4c39-a1be-da88e7545f12,You Are What You Love: The Spiritual Power of Habit,Religion,21.87,4,2026-05-12 12:46:26.731913
764b62bf-e3b3-4db7-951a-189f71fdb912,God: The Most Unpleasant Character in All Fiction,Religion,30.03,5,2026-05-12 12:46:26.731913
b6de83a1-9b26-4e00-aaed-7e0b2520c18f,The Book of Mormon,Religion,24.57,3,2026-05-12 12:46:26.731913
e301d20e-0945-4d62-a5a2-80a6adc38819,"A History of God: The 4,000-Year Quest of Judaism, Christianity, and Islam",Religion,27.62,1,2026-05-12 12:46:26.731913
cfdda029-7c9a-41d1-a98e-1047e5b13918,The Bhagavad Gita,Religion,57.49,3,2026-05-12 12:46:26.731913
1843f6b8-0488-4be5-a61b-45365351aac5,Choosing Our Religion: The Spiritual Lives of America's Nones,Religion,28.42,4,2026-05-12 12:46:26.731913
8a5b1b88-295c-4b2f-bf6f-643397ee67d4,Worlds Elsewhere: Journeys Around Shakespeare’s Globe,Nonfiction,40.3,5,2026-05-12 12:46:26.731913
4e954963-6817-4dd8-8f82-f0256818f524,The Five Love Languages: How to Express Heartfelt Commitment to Your Mate,Nonfiction,31.05,3,2026-05-12 12:46:26.731913
4ae1da6d-767f-42c9-981a-2fd39f6f73b3,Reasons to Stay Alive,Nonfiction,26.41,2,2026-05-12 12:46:26.731913
b18ffa99-8c80-4bfb-87f9-b231ff138e6b,#HigherSelfie: Wake Up Your Life. Free Your Soul. Find Your Tribe.,Nonfiction,23.11,5,2026-05-12 12:46:26.731913
bb516f6b-c8da-4eea-b3c9-57ad9e8b5251,"Unseen City: The Majesty of Pigeons, the Discreet Charm of Snails & Other Wonders of the Urban Wilderness",Nonfiction,44.18,4,2026-05-12 12:46:26.731913
be1cfc5a-37cb-4b58-9a30-62100625d627,Throwing Rocks at the Google Bus: How Growth Became the Enemy of Prosperity,Nonfiction,31.12,3,2026-05-12 12:46:26.731913
4106a7b8-76c3-4454-b7a8-e75205bcc2df,The Life-Changing Magic of Tidying Up: The Japanese Art of Decluttering and Organizing,Nonfiction,16.77,3,2026-05-12 12:46:26.731913
c2ba9255-8d3d-412e-8ce4-4c40cdfb36fb,The Gutsy Girl: Escapades for Your Life of Epic Adventure,Nonfiction,37.13,1,2026-05-12 12:46:26.731913
c1ce64dc-3262-46e4-bde3-39de68191f9b,The Electric Pencil: Drawings from Inside State Hospital No. 3,Nonfiction,56.06,1,2026-05-12 12:46:26.731913
4a7e668d-159b-49ad-9c02-33d5d0e19dda,Spark Joy: An Illustrated Master Class on the Art of Organizing and Tidying Up,Nonfiction,41.83,4,2026-05-12 12:46:26.731913
c5e47fa4-c738-496b-9200-2d20d31fbcad,Reskilling America: Learning to Labor in the Twenty-First Century,Nonfiction,19.83,2,2026-05-12 12:46:26.731913
7fad6958-b84f-498f-9c50-0cebf4d31dd5,In the Country We Love: My Family Divided,Nonfiction,22.0,4,2026-05-12 12:46:26.731913
323ffb9b-5b24-4fc8-8fb5-43cd2a21f4d9,Everydata: The Misinformation Hidden in the Little Data You Consume Every Day,Nonfiction,54.35,2,2026-05-12 12:46:26.731913
4547eeb2-b822-4cc8-bd63-8d886ac9ccfc,Call the Nurse: True Stories of a Country Nurse on a Scottish Isle,Nonfiction,29.14,5,2026-05-12 12:46:26.731913
950d9f9a-1f5f-44dc-97c3-5ff81e027141,Algorithms to Live By: The Computer Science of Human Decisions,Nonfiction,30.81,1,2026-05-12 12:46:26.731913
480d8b96-1cb0-431a-9d2d-6e9dec788af4,The Power of Now: A Guide to Spiritual Enlightenment,Nonfiction,43.54,2,2026-05-12 12:46:26.731913
d116b1e7-c8de-4e5d-8055-0e6ed8a13d03,The Omnivore's Dilemma: A Natural History of Four Meals,Nonfiction,38.21,2,2026-05-12 12:46:26.731913
8670b0db-4502-484f-979c-b5eb6553c863,The Genius of Birds,Nonfiction,17.24,1,2026-05-12 12:46:26.731913
69f3125a-7eb0-4f02-9abf-81e01d533b71,The Artist's Way: A Spiritual Path to Higher Creativity,Nonfiction,38.49,5,2026-05-12 12:46:26.731913
7526a0d9-013d-4a82-b617-e301fe4a5b57,So You've Been Publicly Shamed,Nonfiction,12.23,2,2026-05-12 12:46:26.731913
98811b82-1290-493a-9a49-462648ebee83,"Daring Greatly: How the Courage to Be Vulnerable Transforms the Way We Live, Love, Parent, and Lead",Nonfiction,19.43,3,2026-05-12 12:46:26.731913
114e288f-74b7-4eaf-965b-6ab4559af12f,Big Magic: Creative Living Beyond Fear,Nonfiction,30.8,3,2026-05-12 12:46:26.731913
a33ddd17-0c44-4fc2-bdc2-54b4ae6a29ed,Becoming Wise: An Inquiry into the Mystery and Art of Living,Nonfiction,27.43,2,2026-05-12 12:46:26.731913
8a4b2856-7b5f-45c3-a319-05daf5bdc364,Agnostic: A Spirited Manifesto,Nonfiction,12.51,5,2026-05-12 12:46:26.731913
021bfe6e-1c3d-4cad-ac8e-efec4b870c16,Whole Lotta Creativity Going On: 60 Fun and Unusual Exercises to Awaken and Strengthen Your Creativity,Nonfiction,38.2,4,2026-05-12 12:46:26.731913
195ead87-fc63-4c78-ba13-f883a571b346,What's It Like in Space?: Stories from Astronauts Who've Been There,Nonfiction,19.6,2,2026-05-12 12:46:26.731913
cdc9b525-a61b-4db5-b373-ac4239c52f9c,The Year of Magical Thinking,Nonfiction,43.04,2,2026-05-12 12:46:26.731913
8bb266ae-4620-445f-b5a0-9b380ed5267b,The Literature Book (Big Ideas Simply Explained),Nonfiction,17.43,3,2026-05-12 12:46:26.731913
8b275fa0-4f38-47de-bb88-447adb8fb686,The Bad-Ass Librarians of Timbuktu: And Their Race to Save the World’s Most Precious Manuscripts,Nonfiction,15.77,1,2026-05-12 12:46:26.731913
9c2981dd-a38b-40b0-ab26-11a6f17035d7,Swell: A Year of Waves,Nonfiction,45.58,1,2026-05-12 12:46:26.731913
0972553f-db73-43d4-984b-5134665d6250,No Dream Is Too High: Life Lessons From a Man Who Walked on the Moon,Nonfiction,21.95,2,2026-05-12 12:46:26.731913
9b435437-5eca-48ca-82de-a7a74fa924b1,Looking for Lovely: Collecting the Moments that Matter,Nonfiction,29.14,5,2026-05-12 12:46:26.731913
569ec766-bcea-4d06-9530-dc9ebd68c7d6,Let It Out: A Journey Through Journaling,Nonfiction,26.79,5,2026-05-12 12:46:26.731913
ce1c1242-c44e-447b-bc46-3dd8613e3ad7,Hamilton: The Revolution,Nonfiction,58.79,3,2026-05-12 12:46:26.731913
343c4bc7-28b8-49e6-a289-e6788954e830,"Far & Away: Places on the Brink of Change: Seven Continents, Twenty-Five Years",Nonfiction,15.06,4,2026-05-12 12:46:26.731913
31cc4da7-a25d-43db-96aa-665e6af7a36b,"Eaternity: More than 150 Deliciously Easy Vegan Recipes for a Long, Healthy, Satisfied, Joyful Life",Nonfiction,51.75,5,2026-05-12 12:46:26.731913
1bb7165e-6148-4feb-91c3-a90e4ff72d9e,Buying In: The Secret Dialogue Between What We Buy and Who We Are,Nonfiction,37.8,4,2026-05-12 12:46:26.731913
d003e0af-0ae2-4a31-86c5-1be75a246de0,Brain on Fire: My Month of Madness,Nonfiction,49.32,5,2026-05-12 12:46:26.731913
d12f63c6-3965-4993-a8cf-c40402192032,Abstract City,Nonfiction,56.37,5,2026-05-12 12:46:26.731913
6c071887-9639-453f-ac39-66e7c6dd2783,13 Hours: The Inside Account of What Really Happened In Benghazi,Nonfiction,27.06,1,2026-05-12 12:46:26.731913
45b7c572-7946-4cce-9ed5-7d2bca1f139b,The Lonely City: Adventures in the Art of Being Alone,Nonfiction,33.26,2,2026-05-12 12:46:26.731913
19e8813b-087a-43b0-9252-3ce98aeb5427,The Diary of a Young Girl,Nonfiction,59.9,3,2026-05-12 12:46:26.731913
9ac9cec5-ea8b-4370-b093-947def8e1069,Snatched: How A Drug Queen Went Undercover for the DEA and Was Kidnapped By Colombian Guerillas,Nonfiction,21.21,3,2026-05-12 12:46:26.731913
d5bf83dc-f596-4db3-acfb-b02c01393709,Furiously Happy: A Funny Book About Horrible Things,Nonfiction,41.46,4,2026-05-12 12:46:26.731913
83bdcc27-24e5-4f07-9c77-1379e2adbee2,"The Sleep Revolution: Transforming Your Life, One Night at a Time",Nonfiction,11.68,4,2026-05-12 12:46:26.731913
794787d9-0e5a-4620-b90e-71c0d2def840,"Mother, Can You Not?",Nonfiction,16.89,5,2026-05-12 12:46:26.731913
2094d4eb-8842-441a-8411-bb13747e1bda,A Mother's Reckoning: Living in the Aftermath of Tragedy,Nonfiction,19.53,3,2026-05-12 12:46:26.731913
510c7b1f-13a2-41ff-8120-31949b281ab1,"10% Happier: How I Tamed the Voice in My Head, Reduced Stress Without Losing My Edge, and Found Self-Help That Actually Works",Nonfiction,24.57,2,2026-05-12 12:46:26.731913
c303f747-0429-479b-984b-a7e4b71e1892,Chernobyl 01:23:40: The Incredible True Story of the World's Worst Nuclear Disaster,Nonfiction,35.92,2,2026-05-12 12:46:26.731913
45b8e778-af23-4818-a6ca-cdc8b8fd5dc2,"Zero to One: Notes on Startups, or How to Build the Future",Nonfiction,34.06,3,2026-05-12 12:46:26.731913
bdfd2b56-9ccd-494a-ac87-f2dd299cc202,Why Not Me?,Nonfiction,17.76,1,2026-05-12 12:46:26.731913
c6abfb94-d8b7-4fdf-8a15-0b16e415fc60,When Breath Becomes Air,Nonfiction,39.36,2,2026-05-12 12:46:26.731913
66552c94-ecfa-413a-8c10-1afa5ebae440,"The Midnight Assassin: Panic, Scandal, and the Hunt for America's First Serial Killer",Nonfiction,28.45,4,2026-05-12 12:46:26.731913
cca6c32c-c5d2-4f00-82fb-1b9315f78a6c,Smarter Faster Better: The Secrets of Being Productive in Life and Business,Nonfiction,38.89,5,2026-05-12 12:46:26.731913
d50a1c65-18df-4257-8a0f-5113129f3e22,Rising Strong,Nonfiction,21.82,3,2026-05-12 12:46:26.731913
d0d88071-ff15-481f-b787-7835b8f60d93,Man's Search for Meaning,Nonfiction,29.48,3,2026-05-12 12:46:26.731913
dc499a58-7f1a-428b-b176-02e8fa3435bb,"Love That Boy: What Two Presidents, Eight Road Trips, and My Son Taught Me About a Parent's Expectations",Nonfiction,25.06,2,2026-05-12 12:46:26.731913
bbf372d8-1046-4141-b9fd-780afd5e538a,Living Forward: A Proven Plan to Stop Drifting and Get the Life You Want,Nonfiction,12.55,3,2026-05-12 12:46:26.731913
7612e78b-a39e-4240-99ab-46739a182e84,I Will Find You,Nonfiction,44.21,1,2026-05-12 12:46:26.731913
b45da402-78aa-4a78-b39a-f67c1e92efb0,Brazen: The Courage to Find the You That's Been Hiding,Nonfiction,19.22,2,2026-05-12 12:46:26.731913
3b54464c-407a-434e-9968-2eae392340ab,Between the World and Me,Nonfiction,56.91,4,2026-05-12 12:46:26.731913
de0f31d2-2e8c-4a8b-88b0-9203d36a1aa4,Being Mortal: Medicine and What Matters in the End,Nonfiction,55.06,4,2026-05-12 12:46:26.731913
767a6325-aa38-4362-9a1e-b54947f758b7,"A Murder Over a Girl: Justice, Gender, Junior High",Nonfiction,13.2,3,2026-05-12 12:46:26.731913
4e155654-9f2c-465f-b1e4-6c22243debb5,For the Love: Fighting for Grace in a World of Impossible Standards,Nonfiction,45.13,3,2026-05-12 12:46:26.731913
a00970c1-76e8-4720-ae07-86886bcdbfb1,Finding God in the Ruins: How God Redeems Pain,Nonfiction,46.64,2,2026-05-12 12:46:26.731913
3d265278-00fe-4c84-949d-fa2645d61f1f,The Man Who Mistook His Wife for a Hat and Other Clinical Tales,Nonfiction,59.45,4,2026-05-12 12:46:26.731913
e7b16e2d-37a7-4914-af4a-4909bd3f7314,In Cold Blood,Nonfiction,49.98,4,2026-05-12 12:46:26.731913
9476a3ac-57a0-48ed-85bb-ab56bb8622a0,"Girl, Interrupted",Nonfiction,42.14,3,2026-05-12 12:46:26.731913
c4b6617b-e4c5-461f-b3c0-a78f5258096d,Why Save the Bankers?: And Other Essays on Our Economic and Political Crisis,Nonfiction,48.67,2,2026-05-12 12:46:26.731913
cfad0c37-b8e0-4a54-8dff-07b4b7f95121,Talking to Girls About Duran Duran: One Young Man's Quest for True Love and a Cooler Haircut,Nonfiction,25.15,4,2026-05-12 12:46:26.731913
c8b8a79d-0595-434f-a848-42f644a8d0da,My Mother Was Nuts,Nonfiction,31.63,4,2026-05-12 12:46:26.731913
c4232e2c-3d71-4217-ad3f-7115fc15303a,"Data, A Love Story: How I Gamed Online Dating to Meet My Match",Nonfiction,32.35,3,2026-05-12 12:46:26.731913
5e97d62d-1c6b-45bd-88c7-00e6b98014f3,The Jazz of Physics: The Secret Link Between Music and the Structure of the Universe,Nonfiction,38.71,3,2026-05-12 12:46:26.731913
d6f7766d-8ae1-438a-a983-e129c92fa054,The Gunning of America: Business and the Making of American Gun Culture,Nonfiction,16.81,4,2026-05-12 12:46:26.731913
f46f27d7-40ca-4541-9425-cc4ebc1675f3,The Geography of Bliss: One Grump's Search for the Happiest Places in the World,Nonfiction,28.23,2,2026-05-12 12:46:26.731913
18aac951-1420-4441-bc1b-382a1fe0b931,God Is Not Great: How Religion Poisons Everything,Nonfiction,27.8,1,2026-05-12 12:46:26.731913
1c3116fa-39be-4e70-bb20-842daae01ad9,We the People: The Modern-Day Figures Who Have Reshaped and Affirmed the Founding Fathers' Vision of America,Nonfiction,31.95,3,2026-05-12 12:46:26.731913
fef57ae3-d6f6-4e75-8d0e-1afa65c53ac5,Very Good Lives: The Fringe Benefits of Failure and the Importance of Imagination,Nonfiction,50.66,3,2026-05-12 12:46:26.731913
242d83a8-aff1-4d11-a184-d041c0edc856,"Unstuffed: Decluttering Your Home, Mind, and Soul",Nonfiction,58.09,1,2026-05-12 12:46:26.731913
2daf2037-1403-4630-aebe-03b715f744a2,Under the Banner of Heaven: A Story of Violent Faith,Nonfiction,30.0,1,2026-05-12 12:46:26.731913
e87b9083-ace9-4d3d-a047-8480c40ffcf1,"Trespassing Across America: One Man's Epic, Never-Done-Before (and Sort of Illegal) Hike Across the Heartland",Nonfiction,53.51,1,2026-05-12 12:46:26.731913
dfa668d1-c6b1-487a-ac0e-45e04ee962c2,The Name of God is Mercy,Nonfiction,37.25,2,2026-05-12 12:46:26.731913
3cdf2545-f2dd-478d-b8a3-cd268d7a76f7,Stiff: The Curious Lives of Human Cadavers,Nonfiction,36.74,3,2026-05-12 12:46:26.731913
16c84333-6222-4d68-b746-945aa3f90daf,Spilled Milk: Based on a True Story,Nonfiction,49.51,1,2026-05-12 12:46:26.731913
c869f205-543f-4b8d-9b0c-9e7cd1740185,"Rise of the Rocket Girls: The Women Who Propelled Us, from Missiles to the Moon to Mars",Nonfiction,41.67,4,2026-05-12 12:46:26.731913
199e5e9f-e05b-4761-b04c-a54019034991,Outliers: The Story of Success,Nonfiction,14.16,1,2026-05-12 12:46:26.731913
97131604-67c8-4b2c-8c21-7444b470452d,Notes from a Small Island (Notes From a Small Island #1),Nonfiction,40.17,1,2026-05-12 12:46:26.731913
ca8a273c-9639-4a6d-83b1-390038ce6a03,Night (The Night Trilogy #1),Nonfiction,13.51,1,2026-05-12 12:46:26.731913
eb568122-e964-4913-b0b6-97fa4afd9cda,"Miracles from Heaven: A Little Girl, Her Journey to Heaven, and Her Amazing Story of Healing",Nonfiction,57.83,1,2026-05-12 12:46:26.731913
d2b22037-18aa-4bd6-8581-57b91dbb2883,Letter to a Christian Nation,Nonfiction,22.2,1,2026-05-12 12:46:26.731913
e4780d7f-307d-46a6-b1c2-da13fc0da936,Let's Pretend This Never Happened: A Mostly True Memoir,Nonfiction,45.11,1,2026-05-12 12:46:26.731913
0aed18cf-c6ae-43f7-a7a1-6a4ab8336ce9,It's Never Too Late to Begin Again: Discovering Creativity and Meaning at Midlife and Beyond,Nonfiction,42.38,1,2026-05-12 12:46:26.731913
04f5a13a-a247-4893-bdda-fd1aee6a58ad,Into the Wild,Nonfiction,56.7,5,2026-05-12 12:46:26.731913
cf4c64d8-5ae1-4d5b-a63a-ca8267e91ace,"In the Garden of Beasts: Love, Terror, and an American Family in Hitler's Berlin",Nonfiction,28.85,3,2026-05-12 12:46:26.731913
3bccceca-b35d-43a8-93f4-6692132683c8,I Am Malala: The Girl Who Stood Up for Education and Was Shot by the Taliban,Nonfiction,28.88,2,2026-05-12 12:46:26.731913
81cbda6b-6060-45df-b0f6-531af74225c4,Gratitude,Nonfiction,26.66,5,2026-05-12 12:46:26.731913
16bb46bf-abd2-48b9-adf6-5d7bed25d522,Disrupted: My Misadventure in the Start-Up Bubble,Nonfiction,15.28,5,2026-05-12 12:46:26.731913
8a3dfdb7-903c-4627-b0ce-e4c35409a474,Brave Enough,Nonfiction,51.32,5,2026-05-12 12:46:26.731913
d83ece1a-7893-400c-a622-b5d9a7f9d1b1,"Born to Run: A Hidden Tribe, Superathletes, and the Greatest Race the World Has Never Seen",Nonfiction,27.35,2,2026-05-12 12:46:26.731913
2d6ffee2-680d-4a8e-b11f-3fd93f9ffb65,Blink: The Power of Thinking Without Thinking,Nonfiction,21.74,5,2026-05-12 12:46:26.731913
7fd3462f-7c57-404a-9d15-054ae62da589,Black Flags: The Rise of ISIS,Nonfiction,40.87,1,2026-05-12 12:46:26.731913
f021a970-4f4f-4055-98b6-3bf0c864932e,Are We Smart Enough to Know How Smart Animals Are?,Nonfiction,56.58,1,2026-05-12 12:46:26.731913
e93b965c-0a0c-4a8d-941b-acb517a62448,A Walk in the Woods: Rediscovering America on the Appalachian Trail,Nonfiction,30.48,4,2026-05-12 12:46:26.731913
800907a3-6eaf-4157-b789-18ddec60e40c,"The Suffragettes (Little Black Classics, #96)",Nonfiction,11.89,2,2026-05-12 12:46:26.731913
da8ce1cd-1e91-4427-9ec1-e13773171759,Kindle Paperwhite User's Guide,Nonfiction,34.0,3,2026-05-12 12:46:26.731913
f6bb53fa-cedf-4930-8679-0e9331145199,H is for Hawk,Nonfiction,57.42,5,2026-05-12 12:46:26.731913
6a1c3588-75a0-43d0-b99e-89c9bcaaa3b3,Travels with Charley: In Search of America,Nonfiction,57.82,5,2026-05-12 12:46:26.731913
b86b3459-bac6-4d0d-a06b-98dfbe40ae76,The Tumor,Nonfiction,41.56,5,2026-05-12 12:46:26.731913
6eb74b04-d0d8-4642-bd8e-2319aae40c1e,The End of the Jesus Era (An Investigation #1),Nonfiction,14.4,1,2026-05-12 12:46:26.731913
70508a1f-ff60-41f4-87b3-a0cf8219cd01,"Eat, Pray, Love",Nonfiction,51.32,3,2026-05-12 12:46:26.731913
94ec691d-e194-40e4-800b-62eee9cecf55,Rip it Up and Start Again,Music,35.02,5,2026-05-12 12:46:26.731913
a1722085-f4d6-434b-9e5d-8d0c8a60b985,"Our Band Could Be Your Life: Scenes from the American Indie Underground, 1981-1991",Music,57.25,3,2026-05-12 12:46:26.731913
fc83726f-a241-4a50-a810-5e9434f96d0f,How Music Works,Music,37.32,2,2026-05-12 12:46:26.731913
9a956bdd-214d-4143-9dde-4d3b614fb272,Love Is a Mix Tape (Music #1),Music,18.03,1,2026-05-12 12:46:26.731913
0ba48574-aa04-4824-b35c-4a89e5fd9a00,Please Kill Me: The Uncensored Oral History of Punk,Music,31.19,4,2026-05-12 12:46:26.731913
a53a32a4-fce7-4cf0-8470-ddee7ea987f4,Kill 'Em and Leave: Searching for James Brown and the American Soul,Music,45.05,5,2026-05-12 12:46:26.731913
fc2f77dd-2d37-4cc3-a361-e6618d047458,"Chronicles, Vol. 1",Music,52.6,2,2026-05-12 12:46:26.731913
655e0b57-b6c6-4f5a-a933-0acdc60f31d7,This Is Your Brain on Music: The Science of a Human Obsession,Music,38.4,1,2026-05-12 12:46:26.731913
a6390091-dfef-4cf5-b5cb-e8c796fd360e,"Orchestra of Exiles: The Story of Bronislaw Huberman, the Israel Philharmonic, and the One Thousand Jews He Saved from Nazi Horrors",Music,12.36,3,2026-05-12 12:46:26.731913
48693c29-6b31-4894-ad11-d397317bf861,No One Here Gets Out Alive,Music,20.02,5,2026-05-12 12:46:26.731913
3c9f5389-73a6-4702-be01-d71bab27e808,Life,Music,31.58,5,2026-05-12 12:46:26.731913
d10e9bb2-6f0f-4370-8d95-644b85dd8b34,Old Records Never Die: One Man's Quest for His Vinyl and His Past,Music,55.66,2,2026-05-12 12:46:26.731913
45a20c3f-cd65-4634-a03e-67e3d335c025,Forever Rockers (The Rocker #12),Music,28.8,3,2026-05-12 12:46:26.731913
e73e2d7b-0f6f-4867-98b7-2bc44780b75a,"The Coming Woman: A Novel Based on the Life of the Infamous Feminist, Victoria Woodhull",Default,17.93,3,2026-05-12 12:46:26.731913
1caf11d7-a2ae-4d94-ac43-ce40830fdbc2,The Boys in the Boat: Nine Americans and Their Epic Quest for Gold at the 1936 Berlin Olympics,Default,22.6,4,2026-05-12 12:46:26.731913
0ace2d92-c1f3-4f50-a038-54185f981a80,"Starving Hearts (Triangular Trade Trilogy, #1)",Default,13.99,2,2026-05-12 12:46:26.731913
c945cb6b-2664-4d7e-8ebd-4c1f8eebe2e2,America's Cradle of Quarterbacks: Western Pennsylvania's Football Factory from Johnny Unitas to Joe Montana,Default,22.5,3,2026-05-12 12:46:26.731913
9db8d314-9895-4049-9d10-5e438171ebc7,Aladdin and His Wonderful Lamp,Default,53.13,3,2026-05-12 12:46:26.731913
abbcde12-d143-441a-b885-f05faa965e50,Penny Maybe,Default,33.29,3,2026-05-12 12:46:26.731913
462cc38a-53c7-47b7-9307-a2c40f9a2c7e,Maude (1883-1993):She Grew Up with the country,Default,18.02,2,2026-05-12 12:46:26.731913
17a2d3e4-0e2d-4a75-b92b-e1d1292856d8,"The Inefficiency Assassin: Time Management Tactics for Working Smarter, Not Longer",Default,20.59,5,2026-05-12 12:46:26.731913
13b3bb02-e409-4452-9f3c-108de7264891,Soul Reader,Default,39.58,2,2026-05-12 12:46:26.731913
21cfe38a-9dec-4e6c-8e2e-5b91d68bb7f1,Bossypants,Default,49.46,2,2026-05-12 12:46:26.731913
b6ef4d71-de7c-4a78-b47a-6bb772316505,A World of Flavor: Your Gluten Free Passport,Default,42.95,1,2026-05-12 12:46:26.731913
4ad802b7-4fb7-46be-951c-b658832a2f7e,"A Piece of Sky, a Grain of Rice: A Memoir in Four Meditations",Default,56.76,5,2026-05-12 12:46:26.731913
41550d86-8767-4b0e-a55e-92a88295cc24,Tracing Numbers on a Train,Default,41.6,3,2026-05-12 12:46:26.731913
e3680d5d-2c7c-49f3-813a-128dd032c6dc,Thirteen Reasons Why,Default,52.72,1,2026-05-12 12:46:26.731913
6dbbc204-2824-4d7a-a6aa-ebdc86a61c08,The Secret (The Secret #1),Default,27.37,4,2026-05-12 12:46:26.731913
a97a9d82-2c1f-4848-a127-40bfda73a39c,The Psychopath Test: A Journey Through the Madness Industry,Default,36.0,2,2026-05-12 12:46:26.731913
24e567dc-d065-4fba-9be4-8faf939fc001,The Kite Runner,Default,41.82,4,2026-05-12 12:46:26.731913
8da1b0d3-2bf1-4abd-9e1f-bc79d2071c95,The Girl on the Train,Default,55.02,2,2026-05-12 12:46:26.731913
a2789779-7514-49c0-84da-c901fd5c956c,The Emerald Mystery,Default,23.15,2,2026-05-12 12:46:26.731913
65ef0388-c43c-4bb0-b450-65cd8fe6f3b0,The Bridge to Consciousness: I'm Writing the Bridge Between Science and Our Old and New Beliefs.,Default,32.0,3,2026-05-12 12:46:26.731913
1c97bdf7-90a9-44b8-8bed-255da61775fb,The Art of War,Default,33.34,5,2026-05-12 12:46:26.731913
1b54ed8e-7256-4f1e-aea8-97c26e98b1c4,Secrets and Lace (Fatal Hearts #1),Default,20.27,1,2026-05-12 12:46:26.731913
3fafaad1-cafd-4b5a-9d46-69c159bc21f6,Romero and Juliet: A Tragic Tale of Love and Zombies,Default,36.94,1,2026-05-12 12:46:26.731913
4a4f7878-57a2-4349-87e6-16ec402e2595,Poses for Artists Volume 1 - Dynamic and Sitting Poses: An Essential Reference for Figure Drawing and the Human Form,Default,41.06,1,2026-05-12 12:46:26.731913
431f07d1-6983-4a8a-879a-06c710f3d2be,Miss Peregrine’s Home for Peculiar Children (Miss Peregrine’s Peculiar Children #1),Default,10.76,1,2026-05-12 12:46:26.731913
81f1f6f1-79f1-4fad-bff6-67869690f747,Large Print Heart of the Pride,Default,19.15,2,2026-05-12 12:46:26.731913
880eab76-05ef-4c32-91fd-ab7fe31db0ff,Grumbles,Default,22.16,2,2026-05-12 12:46:26.731913
e64fb150-7186-4d24-946c-ecf1a54a6e1c,First Steps for New Christians (Print Edition),Default,29.0,1,2026-05-12 12:46:26.731913
16260032-fee8-4b7a-8c67-9342368f3623,Eureka Trivia 6.0,Default,54.59,4,2026-05-12 12:46:26.731913
231b2acd-eb31-48e8-b533-d59acb8697ac,Drive: The Surprising Truth About What Motivates Us,Default,34.95,4,2026-05-12 12:46:26.731913
7b7c7ccb-1cb9-4c89-a4ca-22b41785a974,Done Rubbed Out (Reightman & Bailey #1),Default,37.72,5,2026-05-12 12:46:26.731913
e4d2bef2-3183-4d18-a0b2-52253ac586fb,Beauty Restored (Riley Family Legacy Novellas #3),Default,11.11,2,2026-05-12 12:46:26.731913
faf85527-61b8-4385-9dcc-e23602bfe9fa,Ayumi's Violin,Default,15.48,2,2026-05-12 12:46:26.731913
7f22924b-08a4-4143-8057-b9801b862e68,Anonymous,Default,46.82,4,2026-05-12 12:46:26.731913
b8d92ea9-6414-47cc-9a22-34c967238572,Amy Meets the Saints and Sages,Default,18.46,3,2026-05-12 12:46:26.731913
ee2b1b3c-c50e-42aa-9ce8-83c5b950850f,Amatus,Default,50.54,5,2026-05-12 12:46:26.731913
70bd7827-5aef-48ce-96b9-0fb4f0b292c5,V for Vendetta (V for Vendetta Complete),Default,37.1,4,2026-05-12 12:46:26.731913
d1f3d3f4-94e6-4c24-b8a6-2bedfbbf2a77,"Unbroken: A World War II Story of Survival, Resilience, and Redemption",Default,45.95,2,2026-05-12 12:46:26.731913
6dd0e82f-03a2-411a-a411-1e5cec4037fb,The Wright Brothers,Default,56.8,4,2026-05-12 12:46:26.731913
80df7438-a46c-4462-8641-fa430962238e,The Songs of the Gods,Default,44.48,5,2026-05-12 12:46:26.731913
7350ed9e-8687-4114-ae85-b2ff7762b37c,The Rosie Project (Don Tillman #1),Default,54.04,1,2026-05-12 12:46:26.731913
88357be9-937f-4d28-88e9-281a857965fc,The Power of Habit: Why We Do What We Do in Life and Business,Default,16.88,3,2026-05-12 12:46:26.731913
b716b322-3efc-4289-ae68-73563f3d83a1,Steve Jobs,Default,39.5,5,2026-05-12 12:46:26.731913
5b9cf38f-1f0c-498e-9eb4-2deead13c4e5,Luckiest Girl Alive,Default,49.83,3,2026-05-12 12:46:26.731913
6059805d-9bcd-40be-a2cb-e4b8ca56c10c,"Living Leadership by Insight: A Good Leader Achieves, a Great Leader Builds Monuments",Default,46.91,4,2026-05-12 12:46:26.731913
b51a9169-8088-46be-9ff8-7a96ad3e739b,Lady Midnight (The Dark Artifices #1),Default,16.28,5,2026-05-12 12:46:26.731913
535bfd16-6036-463d-849a-c934bbccb52e,"Hush, Hush (Hush, Hush #1)",Default,47.02,3,2026-05-12 12:46:26.731913
c57a6660-b927-40a2-9ab8-2c4bfaad2dde,Greek Mythic History,Default,10.23,5,2026-05-12 12:46:26.731913
bc8fcee0-b8e6-4461-b619-b4b09b5883df,Every Last Word,Default,46.47,3,2026-05-12 12:46:26.731913
43dd7026-c49c-4c70-9c8f-b11dc268a685,Daily Fantasy Sports,Default,36.58,1,2026-05-12 12:46:26.731913
02ecedcf-150e-4c30-b317-0a735f220f41,Clockwork Angel (The Infernal Devices #1),Default,44.14,1,2026-05-12 12:46:26.731913
bb01eed1-7747-42c0-aea4-c8cb98dccd49,City of Fallen Angels (The Mortal Instruments #4),Default,11.23,4,2026-05-12 12:46:26.731913
ad54b0e9-54ee-4e84-aee0-e63b0a6c8fcc,City of Bones (The Mortal Instruments #1),Default,43.28,1,2026-05-12 12:46:26.731913
770c2a40-5009-4ad5-812a-746f78c8f962,City of Ashes (The Mortal Instruments #2),Default,47.27,1,2026-05-12 12:46:26.731913
bd9ba17a-ea1d-4b98-ae4d-c8111229c287,"Carry On, Warrior: Thoughts on Life Unarmed",Default,31.85,3,2026-05-12 12:46:26.731913
e6f21511-02b7-45c4-8eda-95d5434f6f5b,Carrie,Default,46.23,2,2026-05-12 12:46:26.731913
288de3eb-4f71-4dc7-98b9-8dbfd2e034e1,Angels & Demons (Robert Langdon #1),Default,51.48,3,2026-05-12 12:46:26.731913
6ea02296-798c-4012-97f6-1f0e58a40c77,"The Three Searches, Meaning, and the Story",Default,13.33,3,2026-05-12 12:46:26.731913
48e96160-7e5f-4166-8933-91a3ce65187c,Raspberry Pi Electronics Projects for the Evil Genius,Default,49.67,4,2026-05-12 12:46:26.731913
49aa6e92-7f50-40fc-ab33-ac5f71b038f8,How to Speak Golf: An Illustrated Guide to Links Lingo,Default,58.32,5,2026-05-12 12:46:26.731913
6ce10f87-b955-4bfc-9e99-3e0f052d01d2,Eleanor & Park,Default,56.51,5,2026-05-12 12:46:26.731913
366770e4-c3ae-4852-8f44-1f6fdf42e092,Troublemaker: Surviving Hollywood and Scientology,Default,48.39,2,2026-05-12 12:46:26.731913
1f7b354f-7214-4f91-a91a-6a1b65b442df,Adultery,Default,20.88,5,2026-05-12 12:46:26.731913
880e9036-a7fb-4ffe-999a-d83939a7f7ea,Unlimited Intuition Now,Default,58.87,4,2026-05-12 12:46:26.731913
12eccc2f-fca3-493b-9233-e3ea629fb43b,Underlying Notes,Default,11.82,2,2026-05-12 12:46:26.731913
5b8a060d-727f-492e-beb1-e9f64f7f6b59,The New Brand You: Your New Image Makes the Sale for You,Default,44.05,5,2026-05-12 12:46:26.731913
4dbd50e3-c1da-4368-8f6c-f705f22be11e,The Flowers Lied,Default,16.68,2,2026-05-12 12:46:26.731913
dafdcde3-174c-4cf7-9747-f76004de0221,"NaNo What Now? Finding your editing process, revising your NaNoWriMo book and building a writing career through publishing and beyond",Default,10.41,4,2026-05-12 12:46:26.731913
9860d799-1668-4934-8ac7-3f3b14ae43bb,Modern Day Fables,Default,47.44,2,2026-05-12 12:46:26.731913
6d60513b-b898-4f72-8cab-f470a2e92165,The Unlikely Pilgrimage of Harold Fry (Harold Fry #1),Default,43.62,5,2026-05-12 12:46:26.731913
3347f825-503b-456b-a525-521dc389b133,The Martian (The Martian #1),Default,41.39,2,2026-05-12 12:46:26.731913
d6755c0d-cb4c-4bae-9f5b-d8a43982be59,Left Behind (Left Behind #1),Default,40.72,2,2026-05-12 12:46:26.731913
359dd0ba-dbf6-4f77-8ca6-a36dda006df5,John Vassos: Industrial Design for Modern Life,Default,20.22,4,2026-05-12 12:46:26.731913
7b8dc32b-b85c-4846-be81-03b63c7d366b,I'll Give You the Sun,Default,56.48,1,2026-05-12 12:46:26.731913
3f49edfd-5bae-4eb4-b5f8-0daebb727677,Heaven is for Real: A Little Boy's Astounding Story of His Trip to Heaven and Back,Default,52.86,2,2026-05-12 12:46:26.731913
b7f521b0-4bec-453b-b63a-2f64f7f9bc12,Ender's Game (The Ender Quintet #1),Default,43.64,1,2026-05-12 12:46:26.731913
9e944c32-6ed4-497f-ac90-7ee5eabc47c1,Death by Leisure: A Cautionary Tale,Default,37.51,4,2026-05-12 12:46:26.731913
795ca79c-5594-44db-bdce-4befbc095d1b,Wildlife of New York: A Five-Borough Coloring Book,Default,22.14,2,2026-05-12 12:46:26.731913
73e84e18-1286-41b0-a3f2-8acc52188987,The Year of Living Biblically: One Man's Humble Quest to Follow the Bible as Literally as Possible,Default,34.72,1,2026-05-12 12:46:26.731913
aa733d23-5ea8-463a-a7fd-df1982e275f2,The Great Gatsby,Default,36.05,4,2026-05-12 12:46:26.731913
b08d954c-47f9-433a-85db-06fee566eccf,The Good Girl,Default,49.03,3,2026-05-12 12:46:26.731913
7a1b3b89-708d-4ba1-869c-47c023cd1a67,The 7 Habits of Highly Effective People: Powerful Lessons in Personal Change,Default,33.17,4,2026-05-12 12:46:26.731913
eb101424-67eb-4af6-9d50-f7de2ff50512,Steal Like an Artist: 10 Things Nobody Told You About Being Creative,Default,20.9,2,2026-05-12 12:46:26.731913
db1abaad-3f5e-4c7e-a503-e52515e54544,Life of Pi,Default,13.22,4,2026-05-12 12:46:26.731913
7f2228d4-0e8e-4211-bf32-5be8d5d8f5b0,The Sound Of Love,Default,57.84,5,2026-05-12 12:46:26.731913
8f5c3d3f-481e-4c98-baaf-5e6e5681dc32,The Perks of Being a Wallflower,Default,55.02,3,2026-05-12 12:46:26.731913
a7fc0113-2c3c-4dd4-bd80-9bbff55c186e,The Makings of a Fatherless Child,Default,31.58,2,2026-05-12 12:46:26.731913
3470e284-ab1f-4f8a-8281-a924c67bd357,The Hobbit (Middle-Earth Universe),Default,17.8,5,2026-05-12 12:46:26.731913
48c13eb1-b088-4478-ae67-b5042ec4cf10,The Fellowship of the Ring (The Lord of the Rings #1),Default,10.27,2,2026-05-12 12:46:26.731913
bfb1d717-5614-4438-9e5d-69385e0c4bf0,Ship Leaves Harbor: Essays on Travel by a Recovering Journeyman,Default,30.6,3,2026-05-12 12:46:26.731913
a9e7f4cb-a030-4cc9-b89d-6e2d17ad8675,Musicophilia: Tales of Music and the Brain,Default,46.58,1,2026-05-12 12:46:26.731913
542ac9f1-125a-4d82-a09e-a016880036b3,What If?: Serious Scientific Answers to Absurd Hypothetical Questions,Default,53.68,4,2026-05-12 12:46:26.731913
5019088a-905a-4a21-9b88-48f1fc537f45,The Fault in Our Stars,Default,47.22,1,2026-05-12 12:46:26.731913
3d969e02-db7a-4e00-ab7e-22322f6864c9,The Dream Thieves (The Raven Cycle #2),Default,34.5,1,2026-05-12 12:46:26.731913
f71436c4-f164-4ec5-8b38-0ae6a3608e7a,The 5th Wave (The 5th Wave #1),Default,11.83,2,2026-05-12 12:46:26.731913
6f30ee29-0f6f-4c78-979e-d8b1d3c6e4fc,Shiver (The Wolves of Mercy Falls #1),Default,16.23,5,2026-05-12 12:46:26.731913
b1960352-452e-408d-95b9-d17b3bcc8c4a,Remember Me?,Default,11.48,3,2026-05-12 12:46:26.731913
75aad1f5-c44f-4624-a659-3f409a159081,If I Stay (If I Stay #1),Default,38.13,5,2026-05-12 12:46:26.731913
d6dd6e21-cdb2-4a44-8179-ad786c162780,I Know Why the Caged Bird Sings (Maya Angelou's Autobiography #1),Default,36.55,2,2026-05-12 12:46:26.731913
140b4743-9d87-47a9-82b2-02bfb01e52f5,Harry Potter and the Deathly Hallows (Harry Potter #7),Default,23.32,1,2026-05-12 12:46:26.731913
5660bd30-a557-49ab-8b47-12bf49669f3e,Fool Me Once,Default,16.96,1,2026-05-12 12:46:26.731913
dee3ed3a-5a61-4127-9c89-f7feda7bcc26,Drama,Default,38.7,2,2026-05-12 12:46:26.731913
84303723-4f37-4038-ba42-3acf4b802d7e,"Blue Lily, Lily Blue (The Raven Cycle #3)",Default,34.13,5,2026-05-12 12:46:26.731913
dff19130-899e-4288-8613-4a5e0b9e0128,Alight (The Generations Trilogy #2),Default,58.59,4,2026-05-12 12:46:26.731913
8508b774-0261-4f91-a106-ab62756f130d,Vogue Colors A to Z: A Fashion Coloring Book,Default,52.35,4,2026-05-12 12:46:26.731913
c63f821e-1fd1-4fc7-bfae-4b2c0efd348b,The Shining (The Shining #1),Default,27.88,3,2026-05-12 12:46:26.731913
3178dadd-a161-497f-9e82-5135862689a4,The Hunger Games (The Hunger Games #1),Default,29.85,5,2026-05-12 12:46:26.731913
134ff910-e51a-43e4-8c86-9e7cd5a7482c,Outlander (Outlander #1),Default,19.67,5,2026-05-12 12:46:26.731913
12ed971a-b762-4c48-ac2b-e45af2e517f9,Mockingjay (The Hunger Games #3),Default,20.44,4,2026-05-12 12:46:26.731913
0d480a75-9dfe-47d9-86dc-48b713a37ae0,Harry Potter and the Sorcerer's Stone (Harry Potter #1),Default,13.9,3,2026-05-12 12:46:26.731913
fe643504-c4f3-4b1e-af8d-4e62ac83394c,Confessions of a Shopaholic (Shopaholic #1),Default,48.94,2,2026-05-12 12:46:26.731913
c89bffab-049e-49fb-82bb-61b96a9d9490,Zero History (Blue Ant #3),Default,34.77,1,2026-05-12 12:46:26.731913
cd586b60-05f9-4704-8789-babbec7a6953,World War Z: An Oral History of the Zombie War,Default,21.8,1,2026-05-12 12:46:26.731913
014388bb-5099-414c-a0ec-96324636c5f0,Wild: From Lost to Found on the Pacific Crest Trail,Default,46.02,3,2026-05-12 12:46:26.731913
33b7652d-01dd-4058-945e-2ecaf82c17ff,"Where'd You Go, Bernadette",Default,18.13,1,2026-05-12 12:46:26.731913
6893eb40-f684-464e-bc3d-9053bbee6e0f,Twilight (Twilight #1),Default,41.93,2,2026-05-12 12:46:26.731913
1ed68032-2f1b-4e68-ae11-bed9f1eb7bb6,The Paris Wife,Default,36.8,3,2026-05-12 12:46:26.731913
0aba3762-05cd-4b7f-88f2-9fef6c465db8,The Maze Runner (The Maze Runner #1),Default,20.93,1,2026-05-12 12:46:26.731913
902d0a43-07d3-407f-9b4c-ba496f0ad5f2,The Lover's Dictionary,Default,58.09,2,2026-05-12 12:46:26.731913
68093327-83ec-4091-b658-05c33af62af9,The Goldfinch,Default,43.58,3,2026-05-12 12:46:26.731913
b5c8caa0-67cb-400d-915b-80999d308c85,The Giver (The Giver Quartet #1),Default,12.3,1,2026-05-12 12:46:26.731913
990a1459-7c41-4a3d-830b-04aa06dadf3e,The Girl Who Played with Fire (Millennium Trilogy #2),Default,22.14,2,2026-05-12 12:46:26.731913
4e0f784c-c032-428e-95a1-088a613acebd,The Demon-Haunted World: Science as a Candle in the Dark,Default,52.25,4,2026-05-12 12:46:26.731913
73648ef4-31c0-44bf-b86e-8f85dd5868e0,The Book Thief,Default,53.49,2,2026-05-12 12:46:26.731913
76bedb2c-ac0b-4f99-9d6e-66b152fd8010,The Autobiography of Malcolm X,Default,23.43,2,2026-05-12 12:46:26.731913
33accc5e-ffcc-4c5c-8b33-adc48d10ff73,Shopaholic & Baby (Shopaholic #5),Default,46.45,2,2026-05-12 12:46:26.731913
63826a40-5205-43e4-8891-9f9d883298ad,Quiet: The Power of Introverts in a World That Can't Stop Talking,Default,43.55,1,2026-05-12 12:46:26.731913
c3a75fc9-5ce3-4b3e-9430-62bcfd0006d9,Packing for Mars: The Curious Science of Life in the Void,Default,56.68,2,2026-05-12 12:46:26.731913
48f4ba44-3ff2-4172-93d1-baf653ca920a,Orange Is the New Black,Default,24.61,2,2026-05-12 12:46:26.731913
94ba5e3b-4bb8-489b-80f4-d16f61d4dc1a,One for the Money (Stephanie Plum #1),Default,32.87,2,2026-05-12 12:46:26.731913
78987003-e51d-4b6a-8133-a4d0f3e2d0a1,Morning Star (Red Rising #3),Default,29.4,1,2026-05-12 12:46:26.731913
5b6ead9d-728b-4011-bdb2-56791a633107,Life After Life,Default,26.13,2,2026-05-12 12:46:26.731913
7b6f43b9-cb4c-4cf3-8244-5e3734b7b1a9,"Lean In: Women, Work, and the Will to Lead",Default,25.02,1,2026-05-12 12:46:26.731913
a3eb7cd3-878c-4164-a4a9-2a99431d7776,Is Everyone Hanging Out Without Me? (And Other Concerns),Default,20.11,3,2026-05-12 12:46:26.731913
161ee087-5006-4c39-b44f-8906882b4fb1,Gone Girl,Default,37.6,5,2026-05-12 12:46:26.731913
114c135c-fcda-49de-b398-123448ae5daf,Fellside,Default,38.62,1,2026-05-12 12:46:26.731913
bb16f57a-3de2-47af-812d-9df7c6e21360,Eclipse (Twilight #3),Default,18.74,1,2026-05-12 12:46:26.731913
c05dbbc1-944e-4d27-bbc1-75d8c68d101d,Dracula,Default,52.62,3,2026-05-12 12:46:26.731913
3c2025bf-7c3e-4197-9a52-23a46688c6d0,Dead Wake: The Last Crossing of the Lusitania,Default,39.24,5,2026-05-12 12:46:26.731913
62bd44f5-5679-40c3-8edf-7640bea57fe4,"David and Goliath: Underdogs, Misfits, and the Art of Battling Giants",Default,17.81,1,2026-05-12 12:46:26.731913
d62ee93b-49bc-474f-9e1f-bfa41b96b027,Dark Places,Default,23.9,5,2026-05-12 12:46:26.731913
614b656d-b518-4f8e-8696-0df41bdfd8ed,Breaking Dawn (Twilight #4),Default,35.28,5,2026-05-12 12:46:26.731913
3c01f1c9-529e-4a63-a983-489ec00d157e,Beautiful Creatures (Caster Chronicles #1),Default,21.55,5,2026-05-12 12:46:26.731913
111467b4-4a33-4f46-83f4-7d8123a21ee0,A Visit from the Goon Squad,Default,14.08,5,2026-05-12 12:46:26.731913
7a38fbec-3f19-43ed-a1e5-58df47cab55f,The Zombie Room,Default,19.69,5,2026-05-12 12:46:26.731913
78635203-cf37-4f79-8740-2929418a6787,The Name of the Wind (The Kingkiller Chronicle #1),Default,50.59,3,2026-05-12 12:46:26.731913
da0799c3-43b0-43eb-8d5c-375c3439eafe,Taking Shots (Assassins #1),Default,18.88,2,2026-05-12 12:46:26.731913
a88584e5-4836-4e0c-be72-324144a1edf9,Shatter Me (Shatter Me #1),Default,42.4,1,2026-05-12 12:46:26.731913
d2521b32-0ce2-4063-b74f-2ca66f445947,Paradise Lost (Paradise #1),Default,24.96,1,2026-05-12 12:46:26.731913
4578464c-b9fa-40ef-8dc4-cfe78fd258c5,On the Road (Duluoz Legend),Default,32.36,3,2026-05-12 12:46:26.731913
d312267c-a217-4075-87b9-450cb1e3eaff,Jane Eyre,Default,38.43,5,2026-05-12 12:46:26.731913
5e270fb5-0f84-441e-bf0d-30fad59793a1,Frankenstein,Default,38.0,2,2026-05-12 12:46:26.731913
217820f3-8c14-4292-af77-ec5772ee28e8,Mesaerion: The Best Science Fiction Stories 1800-1849,Science Fiction,37.59,1,2026-05-12 12:46:26.731913
c68a1a27-6373-47a0-a2ca-907e67baf864,Join,Science Fiction,35.67,5,2026-05-12 12:46:26.731913
0fceec97-d1d8-44ae-ac5e-7c7e2f0c749d,"William Shakespeare's Star Wars: Verily, A New Hope (William Shakespeare's Star Wars #4)",Science Fiction,43.3,4,2026-05-12 12:46:26.731913
6e83963f-d9da-491f-8099-eaa7b02e87c0,The Project,Science Fiction,10.65,1,2026-05-12 12:46:26.731913
686b9483-cc51-4f05-9cbc-8b19b5366698,Soft Apocalypse,Science Fiction,26.12,2,2026-05-12 12:46:26.731913
d621b1b5-18ba-4b06-9c26-a140fd5b5dee,Sleeping Giants (Themis Files #1),Science Fiction,48.74,1,2026-05-12 12:46:26.731913
15fdf6fe-7757-4fca-a0dc-5c3f86885f01,Arena,Science Fiction,21.36,4,2026-05-12 12:46:26.731913
81c4ba24-3cf3-4e98-bfb6-dd4b7203c169,Foundation (Foundation (Publication Order) #1),Science Fiction,32.42,1,2026-05-12 12:46:26.731913
124df545-b559-4dc8-b682-670d1d944c15,The Restaurant at the End of the Universe (Hitchhiker's Guide to the Galaxy #2),Science Fiction,10.92,1,2026-05-12 12:46:26.731913
f843d9d9-cbf6-4dd7-aa6c-36126b51bf2c,Ready Player One,Science Fiction,19.07,4,2026-05-12 12:46:26.731913
c587c92b-f0aa-441d-85a7-354366d53581,"Life, the Universe and Everything (Hitchhiker's Guide to the Galaxy #3)",Science Fiction,33.26,2,2026-05-12 12:46:26.731913
b721ab85-67f9-4fd5-8fdb-724ce727115c,Dune (Dune #1),Science Fiction,54.86,1,2026-05-12 12:46:26.731913
62b0500c-5dbc-4abb-a327-629a0c821aa4,Do Androids Dream of Electric Sheep? (Blade Runner #1),Science Fiction,51.48,1,2026-05-12 12:46:26.731913
d022a966-00fd-447b-9181-f8ab8702665e,Three Wishes (River of Time: California #1),Science Fiction,44.18,2,2026-05-12 12:46:26.731913
2b1d571b-f4e9-49b2-99d2-65ece0d4f1cc,The Last Girl (The Dominion Trilogy #1),Science Fiction,36.26,2,2026-05-12 12:46:26.731913
c671167b-4ab0-4408-9f7a-611ea4f97a0d,Having the Barbarian's Baby (Ice Planet Barbarians #7.5),Science Fiction,34.96,4,2026-05-12 12:46:26.731913
05be724f-7ad6-4694-abc2-101e58434093,The Book of Basketball: The NBA According to The Sports Guy,Sports and Games,44.84,5,2026-05-12 12:46:26.731913
111d6b15-c7a7-4916-a619-f5719eb8cdc6,"Friday Night Lights: A Town, a Team, and a Dream",Sports and Games,51.22,3,2026-05-12 12:46:26.731913
990a522a-908b-4adc-9c57-8ed8ea78bb86,Sugar Rush (Offensive Line #2),Sports and Games,24.42,1,2026-05-12 12:46:26.731913
75b9dbdf-2df7-4537-985c-6457f2049c57,Settling the Score (The Summer Games #1),Sports and Games,44.91,2,2026-05-12 12:46:26.731913
b990c746-92dd-4dda-abdd-c417f4b1001f,Icing (Aces Hockey #2),Sports and Games,40.44,4,2026-05-12 12:46:26.731913
76b0e109-617b-4400-89f9-fa60858c03a8,The Torch Is Passed: A Harding Family Story,Add a comment,19.09,1,2026-05-12 12:46:26.731913
543a1125-c3f7-4389-a62e-8153cd26d0c8,"The Mindfulness and Acceptance Workbook for Anxiety: A Guide to Breaking Free from Anxiety, Phobias, and Worry Using Acceptance and Commitment Therapy",Add a comment,23.89,4,2026-05-12 12:46:26.731913
8436df47-71d2-442d-a415-3215c8c4ad11,The Art Forger,Add a comment,40.76,3,2026-05-12 12:46:26.731913
14973ec4-8235-4591-b4c9-c43dc45b4fec,On a Midnight Clear,Add a comment,14.07,3,2026-05-12 12:46:26.731913
527cdd47-1d47-4d1f-9534-797597c298b3,Judo: Seven Steps to Black Belt (an Introductory Guide for Beginners),Add a comment,53.9,2,2026-05-12 12:46:26.731913
05407672-22c3-4320-9b5b-27c19ffb9cce,"Shobu Samurai, Project Aryoku (#3)",Add a comment,29.06,3,2026-05-12 12:46:26.731913
eeb860e0-d707-470b-8cad-1153a8c58ec4,Modern Romance,Add a comment,28.26,5,2026-05-12 12:46:26.731913
ef2643f8-c8a3-4666-82cf-7c4e11aeaf3f,The White Queen (The Cousins' War #1),Add a comment,25.91,5,2026-05-12 12:46:26.731913
ab795d00-d043-4869-87af-086b0e1469f8,The Song of Achilles,Add a comment,37.4,5,2026-05-12 12:46:26.731913
efd2355a-33a2-4321-9f2a-78a0d8cd81dd,The Immortal Life of Henrietta Lacks,Add a comment,40.67,2,2026-05-12 12:46:26.731913
12433ba7-21d7-48d6-b25b-98287baa6c37,The Dovekeepers,Add a comment,48.78,1,2026-05-12 12:46:26.731913
6f058ff8-595d-4965-a0a6-628e36e3f582,More Than Music (Chasing the Dream #1),Add a comment,37.61,2,2026-05-12 12:46:26.731913
514547a0-be66-4f14-8de8-57067176c114,Code Name Verity (Code Name Verity #1),Add a comment,22.13,4,2026-05-12 12:46:26.731913
b5fa214d-49d8-47a6-b803-383b2e7aac9f,Cell,Add a comment,20.29,4,2026-05-12 12:46:26.731913
b50b0f3d-15a0-4838-962c-6672d8b43047,Angels Walking (Angels Walking #1),Add a comment,34.2,2,2026-05-12 12:46:26.731913
3b494edd-f7b3-4db3-a929-06e36eae17d7,"A Series of Catastrophes and Miracles: A True Story of Love, Science, and Cancer",Add a comment,56.48,2,2026-05-12 12:46:26.731913
dffab42f-c830-4aca-8969-f420331cd95f,A People's History of the United States,Add a comment,40.79,2,2026-05-12 12:46:26.731913
3e38a16d-72a7-407f-b69e-68590fd78a98,A Brush of Wings (Angels Walking #3),Add a comment,55.51,1,2026-05-12 12:46:26.731913
5b0e5cf3-ffff-4dba-a772-324a9adbf7d6,Rook,Add a comment,37.86,4,2026-05-12 12:46:26.731913
d83dd905-6caa-4b95-b306-0c8abbeb66bc,The Midnight Watch: A Novel of the Titanic and the Californian,Add a comment,26.2,1,2026-05-12 12:46:26.731913
87c9093d-c5e8-4ddf-8997-53600263a77a,The Gray Rhino: How to Recognize and Act on the Obvious Dangers We Ignore,Add a comment,59.15,4,2026-05-12 12:46:26.731913
114206aa-1798-4d9d-8163-51369d87e5a9,The Children,Add a comment,11.88,3,2026-05-12 12:46:26.731913
35c7fd8b-bbca-4b2c-9caf-629e4649e20d,One with You (Crossfire #5),Add a comment,15.71,4,2026-05-12 12:46:26.731913
76589450-d3ce-4439-b615-007f687ef68e,Without Shame,Add a comment,48.27,5,2026-05-12 12:46:26.731913
f8c02f8f-1b01-4345-bf6e-481006bf41c8,Watchmen,Add a comment,58.05,4,2026-05-12 12:46:26.731913
c23083e5-ecbd-4c42-921c-96bb3d979e08,A Hero's Curse (The Unseen Chronicles #1),Add a comment,50.49,3,2026-05-12 12:46:26.731913
f24ad03d-b17a-468b-91f4-a0de68ab6f0f,23 Degrees South: A Tropical Tale of Changing Whether...,Add a comment,35.79,2,2026-05-12 12:46:26.731913
a39c2140-1c9d-422c-be6e-0d9bb3a86b94,The Glass Castle,Add a comment,16.24,1,2026-05-12 12:46:26.731913
37801dba-5f31-4b26-9586-b897f0594c77,The Drowning Girls,Add a comment,35.67,3,2026-05-12 12:46:26.731913
ed5c663e-5df0-4818-b1a1-025d22009cfb,Team of Rivals: The Political Genius of Abraham Lincoln,Add a comment,20.12,5,2026-05-12 12:46:26.731913
8377a2db-034f-437e-ae48-0984d6f1fc5f,John Adams,Add a comment,57.43,4,2026-05-12 12:46:26.731913
cf7fbf8f-b243-4119-82a9-6500bfcb77e4,Good in Bed (Cannie Shapiro #1),Add a comment,37.05,5,2026-05-12 12:46:26.731913
1762da44-8185-477e-bd8d-f87a642e7da6,The Joy of Cooking,Add a comment,43.27,4,2026-05-12 12:46:26.731913
7b3d2f5f-74ef-4c28-8b63-a3dff818c50d,The Golden Compass (His Dark Materials #1),Add a comment,18.77,1,2026-05-12 12:46:26.731913
63ddee69-ecfc-4b05-b3d5-4a2c7e0a3b9d,The God Delusion,Add a comment,46.85,3,2026-05-12 12:46:26.731913
b5908948-c2ff-47e9-a963-b1c10fbb1703,Pride and Prejudice,Add a comment,19.27,4,2026-05-12 12:46:26.731913
0efc76d6-f063-4d64-8669-dcd2e42fd2f7,Mere Christianity,Add a comment,48.51,3,2026-05-12 12:46:26.731913
42f01a8f-6136-4432-8daa-b2255a255508,Fun Home: A Family Tragicomic,Add a comment,56.59,4,2026-05-12 12:46:26.731913
a5e016c3-8866-483f-aa0b-431603407bfc,The Raven King (The Raven Cycle #4),Add a comment,30.57,2,2026-05-12 12:46:26.731913
894888b3-2feb-4b51-aeec-04cc382bb569,Find Her (Detective D.D. Warren #8),Add a comment,22.37,1,2026-05-12 12:46:26.731913
d4e6f270-3892-4925-8929-5018536f79be,Evicted: Poverty and Profit in the American City,Add a comment,42.27,1,2026-05-12 12:46:26.731913
4f056510-90cf-465f-a09e-bee210411ba8,A Game of Thrones (A Song of Ice and Fire #1),Add a comment,46.42,2,2026-05-12 12:46:26.731913
5b06c004-7e2c-4761-ac3e-65dfd017527c,A Clash of Kings (A Song of Ice and Fire #2),Add a comment,10.79,3,2026-05-12 12:46:26.731913
b8c2cbd3-3c4d-4dcd-81c6-3ba0c496efef,The Tipping Point: How Little Things Can Make a Big Difference,Add a comment,10.02,2,2026-05-12 12:46:26.731913
8861a65e-28a8-4317-9f90-68d8eb02f295,The Rest Is Noise: Listening to the Twentieth Century,Add a comment,34.77,1,2026-05-12 12:46:26.731913
bbefee48-3e92-461f-9d7a-bc3b3d88ce4c,The Purpose Driven Life: What on Earth Am I Here for?,Add a comment,37.19,3,2026-05-12 12:46:26.731913
32c54dda-80c7-47d6-9110-fbd2190dba46,The Hitchhiker's Guide to the Galaxy (Hitchhiker's Guide to the Galaxy #1),Add a comment,47.8,3,2026-05-12 12:46:26.731913
27837049-db7d-4a6c-8a6f-93252bc3956d,The Girl Who Kicked the Hornet's Nest (Millennium Trilogy #3),Add a comment,57.48,1,2026-05-12 12:46:26.731913
9f0a5125-1d3a-47a5-a513-ac8420a22dfc,"The End of Faith: Religion, Terror, and the Future of Reason",Add a comment,22.13,4,2026-05-12 12:46:26.731913
3347698b-68a5-48b4-be4a-10c887fb14d1,The Complete Poems,Add a comment,41.32,5,2026-05-12 12:46:26.731913
31258db3-a46f-4a94-9a89-3dae04632b89,The Catcher in the Rye,Add a comment,24.55,1,2026-05-12 12:46:26.731913
d9c477a5-10ab-44ed-82f1-f4efa0a67b71,The Case for Christ (Cases for Christianity),Add a comment,47.84,1,2026-05-12 12:46:26.731913
9a97591a-27c1-418c-b1ba-8c01c10bee8a,The Blind Side: Evolution of a Game,Add a comment,53.71,5,2026-05-12 12:46:26.731913
6473b36f-25a5-47c0-ab9b-8a6041cac974,Seven Days in the Art World,Add a comment,52.33,2,2026-05-12 12:46:26.731913
d7c00717-bd79-42f5-8d25-35f165366208,Sarah's Key,Add a comment,46.29,1,2026-05-12 12:46:26.731913
8a2d2193-e756-4185-89b1-4d91b1f016a9,Rogue Lawyer (Rogue Lawyer #1),Add a comment,50.11,3,2026-05-12 12:46:26.731913
1345eef0-a72d-4f4b-bd24-ab096745ddea,Manuscript Found in Accra,Add a comment,34.98,2,2026-05-12 12:46:26.731913
2485ed7d-3c55-4ccf-85a3-83b62926d721,Fire Bound (Sea Haven/Sisters of the Heart #5),Add a comment,21.28,4,2026-05-12 12:46:26.731913
f6bd243f-6ec6-409e-8ad3-34a5caec54ff,Cosmos,Add a comment,36.17,2,2026-05-12 12:46:26.731913
e680839a-872c-4df0-a757-35de31df6550,#GIRLBOSS,Add a comment,50.96,1,2026-05-12 12:46:26.731913
f745a3e7-ae97-43dd-8244-e92b67330bae,The Sense of an Ending,Add a comment,31.38,3,2026-05-12 12:46:26.731913
1d6cc1ea-6805-4d1a-85d6-9b0d82e5697e,The Republic,Add a comment,33.78,3,2026-05-12 12:46:26.731913
c0b31a5c-af28-4918-9d8e-589f270db9c3,The Odyssey,Add a comment,29.64,3,2026-05-12 12:46:26.731913
9ca7c14c-48fc-440d-9dde-f563bcf8351c,The Light of the Fireflies,Add a comment,54.43,1,2026-05-12 12:46:26.731913
c7788a64-e702-49b1-a9a7-69c07da6542d,The Iliad,Add a comment,16.16,1,2026-05-12 12:46:26.731913
816a4f40-a4b1-4cab-acaf-e859e95b140d,The Communist Manifesto,Add a comment,14.76,3,2026-05-12 12:46:26.731913
921c04cf-8634-40e5-9d5a-6b416fe587fc,Lord of the Flies,Add a comment,24.89,3,2026-05-12 12:46:26.731913
fb75fc4e-f1a6-4415-bcbe-a240da880f31,Unicorn Tracks,Fantasy,18.78,3,2026-05-12 12:46:26.731913
c2690a39-1d67-46b6-ac5f-9f7b6a225499,"Saga, Volume 6 (Saga (Collected Editions) #6)",Fantasy,25.02,3,2026-05-12 12:46:26.731913
8d36137f-ce96-470c-ab3c-1cbb04b5db9b,Princess Between Worlds (Wide-Awake Princess #5),Fantasy,13.34,5,2026-05-12 12:46:26.731913
9367245c-95f8-49c5-93ad-0d3155b37341,Masks and Shadows,Fantasy,56.4,2,2026-05-12 12:46:26.731913
787f29d0-eb53-4a8c-ad2b-96defbe80dc5,Crown of Midnight (Throne of Glass #2),Fantasy,43.29,3,2026-05-12 12:46:26.731913
0132d482-5e5a-4288-83e7-b86974f5ed39,"Avatar: The Last Airbender: Smoke and Shadow, Part 3 (Smoke and Shadow #3)",Fantasy,28.09,2,2026-05-12 12:46:26.731913
9f9c3b54-951b-4cae-83de-e4baaca5633f,A Court of Thorns and Roses (A Court of Thorns and Roses #1),Fantasy,52.37,1,2026-05-12 12:46:26.731913
0e91a30f-e2f9-42bf-8c29-ed0e798e22c0,Throne of Glass (Throne of Glass #1),Fantasy,35.07,3,2026-05-12 12:46:26.731913
b833661c-b38e-42af-b70c-db1fc3c53c86,The Glittering Court (The Glittering Court #1),Fantasy,44.28,1,2026-05-12 12:46:26.731913
40cbc0ff-faba-44d1-bb5b-4eaf0db318b7,Hollow City (Miss Peregrine’s Peculiar Children #2),Fantasy,42.98,1,2026-05-12 12:46:26.731913
d9ca3adc-cba9-4f11-853b-4786303c9e12,The Star-Touched Queen,Fantasy,46.02,5,2026-05-12 12:46:26.731913
c30423d5-4bb9-4367-95bf-cf997d8ada64,The Hidden Oracle (The Trials of Apollo #1),Fantasy,52.26,2,2026-05-12 12:46:26.731913
83362121-70cd-453f-a431-92890ac7a70e,The Bane Chronicles (The Bane Chronicles #1-11),Fantasy,44.73,4,2026-05-12 12:46:26.731913
99f44851-64b0-44d9-8f04-04a0c23159e5,Island of Dragons (Unwanteds #7),Fantasy,29.65,1,2026-05-12 12:46:26.731913
751fd715-ab68-4d8c-be38-213e40c1d3d4,Demigods & Magicians: Percy and Annabeth Meet the Kanes (Percy Jackson & Kane Chronicles Crossover #1-3),Fantasy,37.51,5,2026-05-12 12:46:26.731913
96694db8-6ecf-4b88-8af4-9d40e516b014,City of Glass (The Mortal Instruments #3),Fantasy,56.02,4,2026-05-12 12:46:26.731913
d7fe7e0b-c70a-4390-8b69-84d204f079c1,Searching for Meaning in Gailana,Fantasy,38.73,1,2026-05-12 12:46:26.731913
7eda0e39-ad82-4fdf-a4d5-65862cdf2086,The Star-Touched Queen,Fantasy,32.3,5,2026-05-12 12:46:26.731913
78f84836-9c75-4790-ab23-3e34fb842ac0,A Shard of Ice (The Black Symphony Saga #1),Fantasy,56.63,3,2026-05-12 12:46:26.731913
f4a00f0f-57de-4103-bf34-06219e242212,King's Folly (The Kinsman Chronicles #1),Fantasy,39.61,5,2026-05-12 12:46:26.731913
277f8264-a26b-4ece-826c-afa44b553f7d,Every Heart a Doorway (Every Heart A Doorway #1),Fantasy,12.16,5,2026-05-12 12:46:26.731913
6c1dfd82-e523-473b-89a6-e875fe80fd91,A Gathering of Shadows (Shades of Magic #2),Fantasy,44.81,4,2026-05-12 12:46:26.731913
72d2ad55-329a-467b-9ff3-b3d4b76468e2,The Raven Boys (The Raven Cycle #1),Fantasy,57.74,4,2026-05-12 12:46:26.731913
281f9beb-caff-49c3-a721-793d6d73c056,The False Prince (The Ascendance Trilogy #1),Fantasy,56.0,5,2026-05-12 12:46:26.731913
832d5011-b0bc-4d40-8368-9e04ecb83f56,Tell the Wind and Fire,Fantasy,45.51,3,2026-05-12 12:46:26.731913
94f173f4-7db8-4b6c-9d97-6b14897e5f1d,A Feast for Crows (A Song of Ice and Fire #4),Fantasy,17.21,4,2026-05-12 12:46:26.731913
751a0d50-53b7-4db4-b6b5-d6d1e169bffa,The Demonists (Demonist #1),Fantasy,52.11,2,2026-05-12 12:46:26.731913
23bc5056-3b6b-40b0-97b4-dcad29b89be3,The Beast (Black Dagger Brotherhood #14),Fantasy,46.08,5,2026-05-12 12:46:26.731913
b36d303b-7e66-495f-a90f-69d8ed6a3298,Paper and Fire (The Great Library #2),Fantasy,49.45,5,2026-05-12 12:46:26.731913
1c43714b-f4d0-4af1-831b-7bbb2b5b7269,Harry Potter and the Order of the Phoenix (Harry Potter #5),Fantasy,31.63,4,2026-05-12 12:46:26.731913
bf619ee7-f59a-4461-b22b-11bd6ca08eba,Harry Potter and the Half-Blood Prince (Harry Potter #6),Fantasy,48.75,5,2026-05-12 12:46:26.731913
342a5340-8796-4dc8-846a-55caca516d9b,Harry Potter and the Chamber of Secrets (Harry Potter #2),Fantasy,14.74,1,2026-05-12 12:46:26.731913
2d73cce2-5aec-4ea2-9a56-f1863cd030c4,The Rose & the Dagger (The Wrath and the Dawn #2),Fantasy,58.64,4,2026-05-12 12:46:26.731913
85f64d8e-0864-4ac7-a155-6793921cd97b,Soldier (Talon #3),Fantasy,24.72,2,2026-05-12 12:46:26.731913
02842f3b-8c89-4743-bc0f-9db6bf98f681,Midnight Riot (Peter Grant/ Rivers of London - books #1),Fantasy,55.46,2,2026-05-12 12:46:26.731913
a0ec4912-eaf1-4aa5-b54f-bcbd54ef3c8a,Heir to the Sky,Fantasy,44.07,4,2026-05-12 12:46:26.731913
f1b9bd8f-271e-4725-9a30-361aebaa70aa,Eragon (The Inheritance Cycle #1),Fantasy,43.87,3,2026-05-12 12:46:26.731913
db6d057a-3da4-4c4f-9828-e73dee619120,Darkfever (Fever #1),Fantasy,56.02,1,2026-05-12 12:46:26.731913
1cf44483-19c2-48a4-8b22-1676447384ec,Ash,Fantasy,22.06,4,2026-05-12 12:46:26.731913
f24435e4-a46e-4cbc-a4c6-bd4a2bfcabab,A Storm of Swords (A Song of Ice and Fire #3),Fantasy,31.22,2,2026-05-12 12:46:26.731913
101fad3a-f2ab-480c-93a1-f356cf3114d4,Vampire Girl (Vampire Girl #1),Fantasy,53.82,2,2026-05-12 12:46:26.731913
5a11dd62-9fd4-478e-af55-500d126322a0,The Silent Twin (Detective Jennifer Knight #3),Fantasy,36.25,3,2026-05-12 12:46:26.731913
59a1a8fb-5130-43c7-a914-f0d3971bbc3d,The Mirror & the Maze (The Wrath and the Dawn #1.5),Fantasy,29.38,1,2026-05-12 12:46:26.731913
4f9beb03-9f58-40f1-96b2-209bb8b2ffac,Sister Sable (The Mad Queen #1),Fantasy,13.33,3,2026-05-12 12:46:26.731913
83177ce6-c35b-42ba-bb8b-e4b1f5e83dd9,Shadow Rites (Jane Yellowrock #10),Fantasy,21.72,4,2026-05-12 12:46:26.731913
9f5417ff-d6e3-444a-9dbc-5d48835e815b,Origins (Alphas 0.5),Fantasy,28.99,1,2026-05-12 12:46:26.731913
3424c50b-5f24-4825-a583-daf8238e104f,One Second (Seven #7),Fantasy,52.94,2,2026-05-12 12:46:26.731913
ff94ffe6-3469-4c81-b0d0-9ed34507153e,Myriad (Prentor #1),Fantasy,58.75,4,2026-05-12 12:46:26.731913
0a1de876-c284-45f4-baee-32cbaa150bf8,Without Borders (Wanderlove #1),New Adult,45.07,2,2026-05-12 12:46:26.731913
e309aa39-3155-4eb6-a12b-6db183e3fba7,The Mistake (Off-Campus #2),New Adult,43.29,3,2026-05-12 12:46:26.731913
4793115d-df9a-48e8-8ca7-027c7ca7a3a4,The Matchmaker's Playbook (Wingmen Inc. #1),New Adult,55.85,1,2026-05-12 12:46:26.731913
54bfb68f-e3e1-44b5-92c6-ca73d01b109a,The Hook Up (Game On #1),New Adult,36.29,5,2026-05-12 12:46:26.731913
3fb8ee8d-12ab-41d2-afe9-86e836b86a4a,Shameless,New Adult,58.35,3,2026-05-12 12:46:26.731913
3941a978-13ce-42b8-b4a2-b3628a0b301d,Off Sides (Off #1),New Adult,39.45,5,2026-05-12 12:46:26.731913
b7ed5a9f-5922-430f-aec7-e5fd0a544ee5,The Requiem Red,Young Adult,22.65,1,2026-05-12 12:46:26.731913
ae75abe7-3964-4585-8bf0-4c7399a00c29,Set Me Free,Young Adult,17.46,5,2026-05-12 12:46:26.731913
dc6389f4-1d22-47a6-93a7-475c243ab08a,The Natural History of Us (The Fine Art of Pretending #2),Young Adult,45.22,3,2026-05-12 12:46:26.731913
5277f4ab-2f45-4b2f-8ce9-6da8c6bf5d69,Obsidian (Lux #1),Young Adult,14.86,2,2026-05-12 12:46:26.731913
035d94bd-f126-4e65-a0ab-48d5611de8db,Burning,Young Adult,28.81,3,2026-05-12 12:46:26.731913
724d038a-6785-48d2-953a-bfe54e740d2c,A Fierce and Subtle Poison,Young Adult,28.13,4,2026-05-12 12:46:26.731913
9be2aa64-0902-49da-8f7e-6fe5b4b3abd0,Scarlett Epstein Hates It Here,Young Adult,43.55,5,2026-05-12 12:46:26.731913
c71588f1-d4a3-49f4-9287-92831e48064a,"Nightingale, Sing",Young Adult,38.28,1,2026-05-12 12:46:26.731913
b942a268-0bb5-43e2-b8eb-b3ba2359f7c9,Library of Souls (Miss Peregrine’s Peculiar Children #3),Young Adult,48.56,5,2026-05-12 12:46:26.731913
5aa88a2b-e523-4ec1-94a8-d5a46537af6a,Frostbite (Vampire Academy #2),Young Adult,29.99,5,2026-05-12 12:46:26.731913
22f2a152-8767-4b6d-92f3-9a3444e5af38,Wild Swans,Young Adult,14.36,2,2026-05-12 12:46:26.731913
0bfc38aa-173a-4472-9ae6-1028db0b05bc,Until Friday Night (The Field Party #1),Young Adult,46.31,2,2026-05-12 12:46:26.731913
bf77b3b7-12ec-4cc8-bb38-1004d310cd76,This Is Where It Ends,Young Adult,27.12,2,2026-05-12 12:46:26.731913
58eeec49-4f92-4850-95ea-95bc13c99444,The Darkest Lie,Young Adult,35.35,5,2026-05-12 12:46:26.731913
61e3cbc5-7ce2-4668-b4ef-192bcc7caaf8,My Kind of Crazy,Young Adult,40.36,1,2026-05-12 12:46:26.731913
8afeb152-3f2d-4e13-8458-6f5161987101,Don't Get Caught,Young Adult,55.35,1,2026-05-12 12:46:26.731913
ef1a9d8b-0b48-417d-aa3c-f07a93de12c8,Catching Jordan (Hundred Oaks),Young Adult,50.83,3,2026-05-12 12:46:26.731913
0d571489-de45-4ed2-9590-40bf9d5c15cd,Aristotle and Dante Discover the Secrets of the Universe (Aristotle and Dante Discover the Secrets of the Universe #1),Young Adult,58.14,4,2026-05-12 12:46:26.731913
6485d2bd-0575-467d-9bb1-5b8b80306e96,The Epidemic (The Program 0.6),Young Adult,14.44,5,2026-05-12 12:46:26.731913
db154868-e3f1-486c-bcc3-102653c8c8da,Stars Above (The Lunar Chronicles #4.5),Young Adult,48.05,2,2026-05-12 12:46:26.731913
33037cc3-fab0-4730-99ad-056cc81ff90a,No Love Allowed (Dodge Cove #1),Young Adult,54.65,4,2026-05-12 12:46:26.731913
e39054ee-6e5a-4ec6-8e4a-d55e25d6387e,"Exit, Pursued by a Bear",Young Adult,51.34,4,2026-05-12 12:46:26.731913
be8fe2d2-e679-4550-9d99-83402c73a1cb,The Alien Club,Young Adult,54.4,1,2026-05-12 12:46:26.731913
a6b64f8a-3c51-4959-85e0-750469a0a0fa,Don't Forget Steven,Young Adult,33.23,1,2026-05-12 12:46:26.731913
af421ae5-a2e3-4b04-b088-3ccfa899215a,South of Sunshine,Young Adult,28.93,1,2026-05-12 12:46:26.731913
89959c0d-7b0c-4567-a8b5-455228ef4d9a,My Life Next Door (My Life Next Door ),Young Adult,36.39,5,2026-05-12 12:46:26.731913
4ddaa597-1123-4133-bf76-cac2e7e6545b,Future Shock (Future Shock #1),Young Adult,55.65,5,2026-05-12 12:46:26.731913
1357fa2c-4791-4fd7-b544-f48b2c4c25c4,Nightstruck: A Novel,Young Adult,50.35,4,2026-05-12 12:46:26.731913
74cc95c8-c614-418a-b3fa-f50fcedda271,Tell the Wolves I'm Home,Young Adult,50.96,2,2026-05-12 12:46:26.731913
0f002d24-11d3-451b-8675-92d0084c104c,"Will Grayson, Will Grayson (Will Grayson, Will Grayson)",Young Adult,47.31,4,2026-05-12 12:46:26.731913
392e81f7-3d5d-45e9-a67f-c1d0f7635599,Where She Went (If I Stay #2),Young Adult,41.73,4,2026-05-12 12:46:26.731913
bfbdb437-7eb0-42e6-b9a6-f2cfafc7f931,Two Summers,Young Adult,14.64,1,2026-05-12 12:46:26.731913
55d431bf-a091-41c6-b993-92727df98d0d,The Darkest Corners,Young Adult,11.33,5,2026-05-12 12:46:26.731913
8465e9ef-dcc8-4d93-997e-d671cb2f842c,Tell Me Three Things,Young Adult,41.81,1,2026-05-12 12:46:26.731913
128a239b-dbb7-465b-b726-c9163af6d335,Lola and the Boy Next Door (Anna and the French Kiss #2),Young Adult,23.63,4,2026-05-12 12:46:26.731913
17a099e2-8978-4b52-9df5-cd2672b801cc,Kill the Boy Band,Young Adult,15.52,5,2026-05-12 12:46:26.731913
befc05d0-ebd4-40ff-aee5-cfe54245d393,Isla and the Happily Ever After (Anna and the French Kiss #3),Young Adult,48.13,5,2026-05-12 12:46:26.731913
3a552881-7857-48aa-ab44-96de1089b529,An Abundance of Katherines,Young Adult,10.0,5,2026-05-12 12:46:26.731913
737434e4-7f6f-4049-ab19-21e6a5f74337,Harry Potter and the Prisoner of Azkaban (Harry Potter #3),Young Adult,24.17,4,2026-05-12 12:46:26.731913
fe4cc4fc-21fe-473a-8d96-28b7b6a8021e,Walk the Edge (Thunder Road #2),Young Adult,32.36,3,2026-05-12 12:46:26.731913
9230d2c9-406a-44f3-8fec-e99400751c3c,Two Boys Kissing,Young Adult,32.74,2,2026-05-12 12:46:26.731913
71fbb836-9bb5-41b1-99dd-4517c9fe8c69,The New Guy (and Other Senior Year Distractions),Young Adult,44.92,3,2026-05-12 12:46:26.731913
02b13381-8457-4ec9-aedb-12edc3076606,"The Land of 10,000 Madonnas",Young Adult,29.64,4,2026-05-12 12:46:26.731913
2bbf2637-9cc2-4bfa-aef0-0e07bd0b9542,Scarlet (The Lunar Chronicles #2),Young Adult,14.57,4,2026-05-12 12:46:26.731913
6636aeb7-c488-45c8-8284-91a2af8f88e2,Legend (Legend #1),Young Adult,43.69,4,2026-05-12 12:46:26.731913
ee38f3d8-be96-4e2d-b3f8-1d066991d348,Lady Renegades (Rebel Belle #3),Young Adult,53.04,5,2026-05-12 12:46:26.731913
bae32114-7400-4616-b614-8861b8fa2d94,Golden (Heart of Dread #3),Young Adult,42.21,4,2026-05-12 12:46:26.731913
3a8a4ea8-c181-483c-af50-3e680b8a65fb,Cinder (The Lunar Chronicles #1),Young Adult,26.09,1,2026-05-12 12:46:26.731913
6d42241a-5dda-44cd-b423-ec2f1d6b95fc,Boy Meets Boy,Young Adult,21.12,3,2026-05-12 12:46:26.731913
d9745cc4-e93b-409e-8a95-504cde0706ec,Annie on My Mind,Young Adult,36.83,5,2026-05-12 12:46:26.731913
7cab4e1a-762d-4fe7-b92e-8fadd85e7a59,New Moon (Twilight #2),Young Adult,12.86,4,2026-05-12 12:46:26.731913
48496ca7-5511-40ce-98a6-bda07c6600f1,Girl Online On Tour (Girl Online #2),Young Adult,53.47,1,2026-05-12 12:46:26.731913
3a13d700-786f-4e01-82e1-eb4bd119a412,The Haters,Young Adult,27.89,5,2026-05-12 12:46:26.731913
91bf501d-86dc-4a7e-a0ff-309122ba12e9,The Art of Not Breathing,Young Adult,40.83,4,2026-05-12 12:46:26.731913
d0efe8d0-edb0-41ce-b91c-767c42c52ac9,The Most Perfect Thing: Inside (and Outside) a Bird's Egg,Science,42.96,4,2026-05-12 12:46:26.731913
207307e4-d4b2-4d28-b755-1f619631522b,Immunity: How Elie Metchnikoff Changed the Course of Modern Medicine,Science,57.36,5,2026-05-12 12:46:26.731913
4e9d965e-e5d3-45df-b8b7-7484bbac9867,Sorting the Beef from the Bull: The Science of Food Fraud Forensics,Science,44.74,4,2026-05-12 12:46:26.731913
792fae1a-05d2-421c-830d-39285eda73b7,Tipping Point for Planet Earth: How Close Are We to the Edge?,Science,37.55,1,2026-05-12 12:46:26.731913
aa5baa0c-d551-4fc9-90b3-bc11a8e200ee,"The Fabric of the Cosmos: Space, Time, and the Texture of Reality",Science,55.91,1,2026-05-12 12:46:26.731913
e51b7d65-7806-4eae-b03b-3fda19b73e55,Diary of a Citizen Scientist: Chasing Tiger Beetles and Other New Ways of Engaging the World,Science,28.41,1,2026-05-12 12:46:26.731913
4f1d9634-391d-4229-b801-c9a432c26ed5,The Origin of Species,Science,10.01,4,2026-05-12 12:46:26.731913
1149b735-ea98-4b92-9fc3-95d7f25d9492,The Grand Design,Science,13.76,3,2026-05-12 12:46:26.731913
24f170d0-8162-480f-a8be-dd8d6db59594,Peak: Secrets from the New Science of Expertise,Science,16.28,2,2026-05-12 12:46:26.731913
00f935a9-0d82-4d91-9ed6-5c1a7a2b2611,"The Elegant Universe: Superstrings, Hidden Dimensions, and the Quest for the Ultimate Theory",Science,13.03,4,2026-05-12 12:46:26.731913
6d7505b5-5ba3-49a4-b4ad-3684653007e3,"The Disappearing Spoon: And Other True Tales of Madness, Love, and the History of the World from the Periodic Table of the Elements",Science,57.35,5,2026-05-12 12:46:26.731913
55624c03-c484-41da-a558-92175abd5e98,"Surely You're Joking, Mr. Feynman!: Adventures of a Curious Character",Science,25.83,2,2026-05-12 12:46:26.731913
1445cbfa-f9ae-4492-ac27-f35f4be0f8f4,Seven Brief Lessons on Physics,Science,30.6,4,2026-05-12 12:46:26.731913
49363130-b3d8-4cd3-b981-56ed1790baa2,The Selfish Gene,Science,29.45,1,2026-05-12 12:46:26.731913
9606f69d-986d-4c63-bda2-8e72f6d66b2f,A Light in the Attic,Poetry,51.77,3,2026-05-12 12:46:26.731913
c995e805-fead-4e08-b897-8ab8d953bef0,The Black Maria,Poetry,52.15,1,2026-05-12 12:46:26.731913
7e544003-fa20-4ec4-a4e5-81002fe77fc6,Shakespeare's Sonnets,Poetry,20.66,4,2026-05-12 12:46:26.731913
32c141b9-08da-4b0d-9cf9-9fb992f5628a,Olio,Poetry,23.88,1,2026-05-12 12:46:26.731913
b17f4134-18de-442b-99e8-b9b8f9d40653,You can't bury them all: Poems,Poetry,33.63,2,2026-05-12 12:46:26.731913
889b8e54-0312-48c3-93ad-159c83146098,Slow States of Collapse: Poems,Poetry,57.31,3,2026-05-12 12:46:26.731913
09f43378-0452-43f4-aacd-90fe6bfbfd6c,Untitled Collection: Sabbath Poems 2014,Poetry,14.27,4,2026-05-12 12:46:26.731913
750e9293-437d-4c0c-9ec3-7ec48ba31b89,Poems That Make Grown Women Cry,Poetry,14.19,4,2026-05-12 12:46:26.731913
fb0e0be0-d87b-4dd7-b71a-db7765aea57e,Night Sky with Exit Wounds,Poetry,41.05,1,2026-05-12 12:46:26.731913
954ba22b-4fe3-4e8f-a02a-3ea53d0ef9c1,salt.,Poetry,46.78,4,2026-05-12 12:46:26.731913
ea47e856-0e0f-489f-a6f0-277e342e3313,"Quarter Life Poetry: Poems for the Young, Broke and Hangry",Poetry,50.89,5,2026-05-12 12:46:26.731913
54d24fa8-1a20-4041-91a7-0ac3b6eee352,Out of Print: City Lights Spotlight No. 14,Poetry,53.64,5,2026-05-12 12:46:26.731913
d522dbba-e31a-4732-b514-273560fac3eb,Les Fleurs du Mal,Poetry,29.04,5,2026-05-12 12:46:26.731913
d2f5af1c-5b61-44b1-b340-5025bcac6879,Howl and Other Poems,Poetry,40.45,2,2026-05-12 12:46:26.731913
8f60925d-3ae4-4e62-a273-29d011d99ec8,Leave This Song Behind: Teen Poetry at Its Best,Poetry,51.17,5,2026-05-12 12:46:26.731913
5cd43c01-5586-40d9-a488-926b22690fbe,The Collected Poems of W.B. Yeats (The Collected Works of W.B. Yeats #1),Poetry,15.42,5,2026-05-12 12:46:26.731913
ab6d1147-5f9d-4609-8e1f-e55526e6bbfd,The Crossover,Poetry,38.77,4,2026-05-12 12:46:26.731913
151754e4-8cf9-4017-94b7-290a91bf6477,Booked,Poetry,17.49,5,2026-05-12 12:46:26.731913
6dcee977-2932-4e3c-9b9e-58c948de3ddf,Twenty Love Poems and a Song of Despair,Poetry,30.95,4,2026-05-12 12:46:26.731913
38bb3976-ebca-45a5-8673-fb5628f8d977,"Vampire Knight, Vol. 1 (Vampire Knight #1)",Paranormal,15.4,1,2026-05-12 12:46:26.731913
61b99693-a3c6-4729-a0d7-cc94825b5a4c,Wall and Piece,Art,44.18,4,2026-05-12 12:46:26.731913
354d60e2-b90c-4b4c-be1b-a9ac0d6ef984,Feathers: Displays of Brilliant Plumage,Art,49.05,3,2026-05-12 12:46:26.731913
62c2d3e4-2eb3-4fe2-bd1d-33e09852b65b,Art and Fear: Observations on the Perils (and Rewards) of Artmaking,Art,48.63,4,2026-05-12 12:46:26.731913
14f53b19-2754-4c30-ae8b-c14535ec3758,The New Drawing on the Right Side of the Brain,Art,43.02,3,2026-05-12 12:46:26.731913
5a807043-d56b-4d9d-877f-140788428fd8,History of Beauty,Art,10.29,4,2026-05-12 12:46:26.731913
45811462-38ad-4c66-a0a9-f0717d55c87b,The Story of Art,Art,41.14,4,2026-05-12 12:46:26.731913
fbacb020-0241-4283-939a-9b6ab6b3258b,The Art Book,Art,32.34,2,2026-05-12 12:46:26.731913
b35d65b4-77ec-41e5-8304-5836354f2ed1,Ways of Seeing,Art,39.51,5,2026-05-12 12:46:26.731913
d0d48ba9-d658-4982-9aff-2f659c809d15,The Lucifer Effect: Understanding How Good People Turn Evil,Psychology,10.4,1,2026-05-12 12:46:26.731913
c3e0dff1-0eaf-4e5f-86c4-278cfab139d5,The Golden Condom: And Other Essays on Love Lost and Found,Psychology,39.43,1,2026-05-12 12:46:26.731913
d690ab02-6d69-4ae0-874b-1a1443bb3b5e,It Didn't Start with You: How Inherited Family Trauma Shapes Who We Are and How to End the Cycle,Psychology,56.27,3,2026-05-12 12:46:26.731913
f0cd69d3-6a94-4124-a084-14fd13ee8ff6,An Unquiet Mind: A Memoir of Moods and Madness,Psychology,21.3,3,2026-05-12 12:46:26.731913
8805ea8b-cc54-4e1f-928e-bc268cf056d3,"Thinking, Fast and Slow",Psychology,21.14,1,2026-05-12 12:46:26.731913
f288f0c0-b978-40b6-92f7-0d3ac1b8b4ed,Civilization and Its Discontents,Psychology,59.95,2,2026-05-12 12:46:26.731913
8c489cbc-0f30-4be4-bfc1-0a832719b7de,8 Keys to Mental Health Through Exercise,Psychology,31.04,1,2026-05-12 12:46:26.731913
79bd2731-3104-459a-81b0-6f898eb20810,The Argonauts,Autobiography,10.93,2,2026-05-12 12:46:26.731913
6d5f4c4c-c640-495d-b0d1-37b8f83bde86,M Train,Autobiography,27.18,1,2026-05-12 12:46:26.731913
39cb0984-a1c2-43e1-b50e-2a11196162f8,Lab Girl,Autobiography,40.85,1,2026-05-12 12:46:26.731913
5cd5177d-4ede-4ca7-93de-2d8b8f2f880e,Approval Junkie: Adventures in Caring Too Much,Autobiography,58.81,5,2026-05-12 12:46:26.731913
edf37397-7c09-49ed-ab42-7f5ac2a02029,Running with Scissors,Autobiography,12.91,4,2026-05-12 12:46:26.731913
17b8ef4f-4a44-4be2-945d-af3c0bc58136,Me Talk Pretty One Day,Autobiography,57.6,2,2026-05-12 12:46:26.731913
bdc37cd3-5efe-4b61-bded-e1b4885f6bb3,Lust & Wonder,Autobiography,11.87,2,2026-05-12 12:46:26.731913
8bdb824f-2946-425b-88a7-c4d357c95f07,Life Without a Recipe,Autobiography,59.04,5,2026-05-12 12:46:26.731913
a0d2508d-dd43-439a-8948-16a1b4051f9d,A Heartbreaking Work of Staggering Genius,Autobiography,54.29,5,2026-05-12 12:46:26.731913
2e93b6c7-8efb-433a-80de-46d8e3e6ff51,Catastrophic Happiness: Finding Joy in Childhood's Messy Years,Parenting,37.35,2,2026-05-12 12:46:26.731913
0586166b-4ad9-43db-937e-d21b9ceaec76,Fifty Shades Freed (Fifty Shades #3),Adult Fiction,15.36,5,2026-05-12 12:46:26.731913
a1cb5194-e395-41e7-a41c-6b527c33bf0a,The Long Haul (Diary of a Wimpy Kid #9),Humor,44.07,1,2026-05-12 12:46:26.731913
60e8ded4-e6b4-4467-8ec2-db16e04904f3,Old School (Diary of a Wimpy Kid #10),Humor,11.83,5,2026-05-12 12:46:26.731913
96c2c76e-d33b-421d-a587-028846c72a11,I Know What I'm Doing -- and Other Lies I Tell Myself: Dispatches from a Life Under Construction,Humor,25.98,4,2026-05-12 12:46:26.731913
cbb9c1df-586b-4434-a5b5-fc4e63cb27cf,"Hyperbole and a Half: Unfortunate Situations, Flawed Coping Mechanisms, Mayhem, and Other Things That Happened",Humor,14.75,5,2026-05-12 12:46:26.731913
7096f5f1-7c9c-4f84-aa5d-d400564311be,Dress Your Family in Corduroy and Denim,Humor,43.68,3,2026-05-12 12:46:26.731913
827de0b8-0909-4bda-be41-6565667d8015,Toddlers Are A**holes: It's Not Your Fault,Humor,25.55,1,2026-05-12 12:46:26.731913
12def5fb-537c-48da-9608-e3af62eb84ce,When You Are Engulfed in Flames,Humor,30.89,5,2026-05-12 12:46:26.731913
708502f9-057f-472e-9f8f-956b05f2a05e,Naked,Humor,31.69,3,2026-05-12 12:46:26.731913
fad4b402-9bae-4f30-836e-9eae39233504,"Lamb: The Gospel According to Biff, Christ's Childhood Pal",Humor,55.5,5,2026-05-12 12:46:26.731913
f34ae9a0-3de3-48f0-b4cf-e4460621d830,Holidays on Ice,Humor,51.07,2,2026-05-12 12:46:26.731913
17dbced0-67c5-4702-b278-412ed341c146,Security,Horror,39.25,2,2026-05-12 12:46:26.731913
85a166ae-fd7f-4daf-a6cf-74f0dea66e9f,Follow You Home,Horror,21.36,1,2026-05-12 12:46:26.731913
a211797f-b4d6-4fdf-b0ba-17acb3f67d98,The Loney,Horror,23.4,1,2026-05-12 12:46:26.731913
1ad6d00e-a937-4cc8-8229-96120d9f2cfe,Pet Sematary,Horror,10.56,3,2026-05-12 12:46:26.731913
65b8423f-b7c2-4ddc-bb85-02a7e7c1fea0,Doctor Sleep (The Shining #2),Horror,40.12,2,2026-05-12 12:46:26.731913
fe1e38e6-defd-4efd-9f55-d4b744595acf,Psycho: Sanitarium (Psycho #1.5),Horror,36.97,5,2026-05-12 12:46:26.731913
1e63d67a-fe12-432e-ad3f-28fc01e6a5b3,Can You Keep a Secret? (Fear Street Relaunch #4),Horror,48.64,1,2026-05-12 12:46:26.731913
950beb26-22b5-42e4-bc57-70845a97f8e8,Red Dragon (Hannibal Lecter #1),Horror,23.37,3,2026-05-12 12:46:26.731913
ee772f0f-c9c4-4c10-9e72-82afd1a3890a,Dracula the Un-Dead,Horror,35.63,5,2026-05-12 12:46:26.731913
26443203-0d9f-4627-8a3c-0d38eb4e50fd,Night Shift (Night Shift #1-20),Horror,12.75,4,2026-05-12 12:46:26.731913
273b5733-d6bd-447e-b90b-b61d44586f04,Needful Things,Horror,47.51,4,2026-05-12 12:46:26.731913
7b5a0902-edc9-42ec-b98f-ef1feba69554,Misery,Horror,34.79,2,2026-05-12 12:46:26.731913
dc24a4cc-eccd-4679-b5a8-fa516bf2d8ca,It,Horror,25.01,3,2026-05-12 12:46:26.731913
5073ef2c-c8f7-42f3-b645-b65d7b942698,'Salem's Lot,Horror,49.56,4,2026-05-12 12:46:26.731913
bc57b206-f9b7-43f2-8faa-463ecf6ebb28,The Stand,Horror,57.86,2,2026-05-12 12:46:26.731913
114000e3-c2f5-478a-8d9e-0c8ea6f2c96b,The Girl with All the Gifts,Horror,49.47,3,2026-05-12 12:46:26.731913
0484a873-b46e-4606-8583-d693458b77b9,House of Leaves,Horror,54.89,1,2026-05-12 12:46:26.731913
75b365d9-564f-4376-83c3-734cd801f9ae,Sapiens: A Brief History of Humankind,History,54.23,5,2026-05-12 12:46:26.731913
275cb652-342b-4a0d-ba96-f0e9b7508ba4,"Unbound: How Eight Technologies Made Us Human, Transformed Society, and Brought Our World to the Brink",History,25.52,1,2026-05-12 12:46:26.731913
51a8baeb-7530-45e2-a6bc-18d5c129a2bc,The Age of Genius: The Seventeenth Century and the Birth of the Modern Mind,History,19.73,1,2026-05-12 12:46:26.731913
0b56b987-c4f2-4fe6-bfd8-c3f5829d705d,"Political Suicide: Missteps, Peccadilloes, Bad Calls, Backroom Hijinx, Sordid Pasts, Rotten Breaks, and Just Plain Dumb Mistakes in the Annals of American Politics",History,36.28,2,2026-05-12 12:46:26.731913
044d24a6-f733-4360-a146-7a7a04763e8a,Thomas Jefferson and the Tripoli Pirates: The Forgotten War That Changed American History,History,59.64,1,2026-05-12 12:46:26.731913
a3fd05bb-942d-4577-b346-5259d48cfae7,Zealot: The Life and Times of Jesus of Nazareth,History,24.7,3,2026-05-12 12:46:26.731913
b0784499-06d5-451d-9d16-d555cc4a9b62,A Distant Mirror: The Calamitous 14th Century,History,14.58,3,2026-05-12 12:46:26.731913
3c67cf7f-9e60-43e6-9043-a5ecff85971e,1491: New Revelations of the Americas Before Columbus,History,21.8,3,2026-05-12 12:46:26.731913
5f9d4540-68d3-474a-9653-fcdfbdfb52e2,Brilliant Beacons: A History of the American Lighthouse,History,11.45,3,2026-05-12 12:46:26.731913
933680e3-b083-478d-81ab-9d7a76c7b025,"""Most Blessed of the Patriarchs"": Thomas Jefferson and the Empire of the Imagination",History,44.48,5,2026-05-12 12:46:26.731913
77d539ce-6b77-45df-aeca-f7ed77a9a17e,A Short History of Nearly Everything,History,52.4,5,2026-05-12 12:46:26.731913
d57e63db-d9e4-437f-82f9-71d22f02d2d3,The Rise and Fall of the Third Reich: A History of Nazi Germany,History,39.67,2,2026-05-12 12:46:26.731913
acb86a58-a939-4f94-b484-f7cd68f4d0ed,Catherine the Great: Portrait of a Woman,History,58.55,4,2026-05-12 12:46:26.731913
2c53fd4f-f49a-4b34-9614-0e7a9f8dd5ed,The Mathews Men: Seven Brothers and the War Against Hitler's U-boats,History,42.91,5,2026-05-12 12:46:26.731913
39762f50-a6f1-41ed-8c41-c50e626070b5,The Hiding Place,History,55.91,4,2026-05-12 12:46:26.731913
f33698cb-801e-4522-8a93-f10dd3d5cf73,America's War for the Greater Middle East: A Military History,History,51.22,2,2026-05-12 12:46:26.731913
8e7021ed-1dcd-482c-ac1b-9433b577547d,The Guns of August,History,14.54,2,2026-05-12 12:46:26.731913
f7f4210f-45e0-4433-b398-90486cf81eb3,"House of Lost Worlds: Dinosaurs, Dynasties, and the Story of Life on Earth",History,43.7,2,2026-05-12 12:46:26.731913
3f4dfde5-52a7-46eb-836e-59067fe65e5e,"Foolproof Preserving: A Guide to Small Batch Jams, Jellies, Pickles, Condiments, and More: A Foolproof Guide to Making Small Batch Jams, Jellies, Pickles, Condiments, and More",Food and Drink,30.52,3,2026-05-12 12:46:26.731913
2ee00946-bba1-4ed3-a211-ef9a60ba6681,"The Pioneer Woman Cooks: Dinnertime: Comfort Classics, Freezer Food, 16-Minute Meals, and Other Delicious Ways to Solve Supper!",Food and Drink,56.41,1,2026-05-12 12:46:26.731913
ae189a4c-e505-41c2-ab0c-40aea0f0ef36,My Paris Kitchen: Recipes and Stories,Food and Drink,33.37,2,2026-05-12 12:46:26.731913
cfb8876d-f347-42b3-bd9e-b7f36d97464a,"Mama Tried: Traditional Italian Cooking for the Screwed, Crude, Vegan, and Tattooed",Food and Drink,14.02,4,2026-05-12 12:46:26.731913
c30a73e5-c48f-4be2-abdc-b5de7fad1422,"Layered: Baking, Building, and Styling Spectacular Cakes",Food and Drink,40.11,1,2026-05-12 12:46:26.731913
381db45b-e8f1-435d-b6f9-1c5fce1339b5,The Nerdy Nummies Cookbook: Sweet Treats for the Geek in All of Us,Food and Drink,37.34,5,2026-05-12 12:46:26.731913
980077f2-0f20-496e-befb-928378aa3912,The Love and Lemons Cookbook: An Apple-to-Zucchini Celebration of Impromptu Cooking,Food and Drink,37.6,2,2026-05-12 12:46:26.731913
02576013-6cf5-4a98-a7af-2ed5289bdd7e,The Cookies & Cups Cookbook: 125+ sweet & savory recipes reminding you to Always Eat Dessert First,Food and Drink,41.25,1,2026-05-12 12:46:26.731913
fba36cb1-255f-4c6e-acaf-5c6604149f60,"Deliciously Ella Every Day: Quick and Easy Recipes for Gluten-Free Snacks, Packed Lunches, and Simple Meals",Food and Drink,42.16,3,2026-05-12 12:46:26.731913
23960924-348d-4299-90d6-f2be3d47a1f3,The Help Yourself Cookbook for Kids: 60 Easy Plant-Based Recipes Kids Can Make to Stay Healthy and Save the Earth,Food and Drink,28.77,3,2026-05-12 12:46:26.731913
0bc531a5-545b-40d7-9eaa-d35f4d6bd888,"It's All Easy: Healthy, Delicious Weeknight Meals in under 30 Minutes",Food and Drink,19.55,1,2026-05-12 12:46:26.731913
940bce5a-2fdb-44b0-b1cf-6fa116c6f58f,Barefoot Contessa Back to Basics,Food and Drink,28.01,1,2026-05-12 12:46:26.731913
44cb78de-c5d1-411c-8430-051a170aaaa0,Barefoot Contessa at Home: Everyday Recipes You'll Make Over and Over Again,Food and Drink,50.62,5,2026-05-12 12:46:26.731913
9bef8d73-ed60-4ac8-8fe9-61366d56b62c,My Kitchen Year: 136 Recipes That Saved My Life,Food and Drink,11.53,2,2026-05-12 12:46:26.731913
99349be6-f271-4bc1-ae34-699c2fdcaefe,Everyday Italian: 125 Simple and Delicious Recipes,Food and Drink,20.1,5,2026-05-12 12:46:26.731913
d5e13616-d227-42e9-9b8a-353667139591,"A la Mode: 120 Recipes in 60 Pairings: Pies, Tarts, Cakes, Crisps, and More Topped with Ice Cream, Gelato, Frozen Custard, and More",Food and Drink,38.77,1,2026-05-12 12:46:26.731913
0513cea5-feea-41ae-a85a-c7247c4e5ffc,Cravings: Recipes for What You Want to Eat,Food and Drink,20.5,3,2026-05-12 12:46:26.731913
c0473bc2-7f7a-4f88-a0a6-7700f71ac35e,"The Moosewood Cookbook: Recipes from Moosewood Restaurant, Ithaca, New York",Food and Drink,12.34,4,2026-05-12 12:46:26.731913
1012c8da-84a7-41e8-898f-fcbbb64a708c,32 Yolks,Food and Drink,53.63,2,2026-05-12 12:46:26.731913
78ee5a6a-db9f-4b59-81b9-2c6b283293bc,"Naturally Lean: 125 Nourishing Gluten-Free, Plant-Based Recipes--All Under 300 Calories",Food and Drink,11.38,5,2026-05-12 12:46:26.731913
46763f95-5afd-4015-bb59-75776d884e2e,How to Cook Everything Vegetarian: Simple Meatless Recipes for Great Food (How to Cook Everything),Food and Drink,46.01,4,2026-05-12 12:46:26.731913
0003358f-8713-43eb-a210-12f7b2d486d7,How to Be a Domestic Goddess: Baking and the Art of Comfort Cooking,Food and Drink,28.25,2,2026-05-12 12:46:26.731913
ec4110b7-a542-4918-8838-7399621b259b,The Barefoot Contessa Cookbook,Food and Drink,59.92,5,2026-05-12 12:46:26.731913
9ac2de7d-5dc6-49e5-b0fe-99ecdb94835f,Better Homes and Gardens New Cook Book,Food and Drink,39.61,3,2026-05-12 12:46:26.731913
12887937-d39d-4823-9f1d-e4b153982332,The Power Greens Cookbook: 140 Delicious Superfood Recipes,Food and Drink,11.05,5,2026-05-12 12:46:26.731913
61cb7eb0-9e37-405a-ba81-9fe410c3cfce,Mexican Today: New and Rediscovered Recipes for Contemporary Kitchens,Food and Drink,24.91,5,2026-05-12 12:46:26.731913
acac9a52-58d2-411f-baee-8751916cf3f0,Vegan Vegetarian Omnivore: Dinner for Everyone at the Table,Food and Drink,13.66,2,2026-05-12 12:46:26.731913
df39430a-6699-4850-84d4-dd6a1fb64ccc,The Smitten Kitchen Cookbook,Food and Drink,23.59,1,2026-05-12 12:46:26.731913
a8f1b737-9654-4d9f-bf79-8dafee8ec11b,"The Art of Simple Food: Notes, Lessons, and Recipes from a Delicious Revolution",Food and Drink,34.32,3,2026-05-12 12:46:26.731913
eb63df72-8cba-4d75-8ee2-b818028e517f,Hungry Girl Clean & Hungry: Easy All-Natural Recipes for Healthy Eating in the Real World,Food and Drink,33.14,3,2026-05-12 12:46:26.731913
9f1f62d8-b1b1-495b-b0e9-f1fc26d5a8dc,Redeeming Love,Christian Fiction,20.47,5,2026-05-12 12:46:26.731913
510bc08a-ba7f-4d32-9afd-1b000e2b0687,Close to You,Christian Fiction,49.46,4,2026-05-12 12:46:26.731913
546c30b6-7e64-4aee-b056-392f26324ebf,Shadows of the Past (Logan Point #1),Christian Fiction,39.67,5,2026-05-12 12:46:26.731913
b3a097ce-7c3c-4dd9-8949-d02b935d88ba,Like Never Before (Walker Family #2),Christian Fiction,28.77,2,2026-05-12 12:46:26.731913
9684cd23-3535-498d-9c03-958789f5543d,Counted With the Stars (Out from Egypt #1),Christian Fiction,17.97,5,2026-05-12 12:46:26.731913
d4e3e6e4-7466-420e-bf16-b120ed2ed392,If I Run (If I Run #1),Christian Fiction,49.97,4,2026-05-12 12:46:26.731913
13644793-d702-4ed4-9baa-0f2aaf0716c4,The Dirty Little Secrets of Getting Your Dream Job,Business,33.34,4,2026-05-12 12:46:26.731913
c2dd0cc5-e01e-4e0e-b538-e89765d49637,The Third Wave: An Entrepreneur’s Vision of the Future,Business,12.61,5,2026-05-12 12:46:26.731913
97f452d5-f49b-4fcd-91ea-908ccae5399e,The 10% Entrepreneur: Live Your Startup Dream Without Quitting Your Day Job,Business,27.55,3,2026-05-12 12:46:26.731913
263f818b-65eb-4fe1-80c3-4d7f6225a77b,Shoe Dog: A Memoir by the Creator of NIKE,Business,23.99,2,2026-05-12 12:46:26.731913
b14637bc-eacd-4205-beac-25ec0dac75ff,Made to Stick: Why Some Ideas Survive and Others Die,Business,38.85,5,2026-05-12 12:46:26.731913
677254cb-4c1c-4e88-a2ba-d629f9e2634e,Quench Your Own Thirst: Business Lessons Learned Over a Beer or Two,Business,43.14,1,2026-05-12 12:46:26.731913
1e6a3539-e38a-4c98-8179-e27c226e1613,The Art of Startup Fundraising,Business,21.0,3,2026-05-12 12:46:26.731913
789db3ac-a20f-471a-95fa-8b0825946d4c,Born for This: How to Find the Work You Were Meant to Do,Business,21.59,5,2026-05-12 12:46:26.731913
18aeb026-d666-4183-83e0-d0dd2e1a5600,The E-Myth Revisited: Why Most Small Businesses Don't Work and What to Do About It,Business,36.91,1,2026-05-12 12:46:26.731913
98750269-1106-407a-afc0-f443d0618e5a,"Rich Dad, Poor Dad",Business,51.74,1,2026-05-12 12:46:26.731913
5d8306a8-4e76-418e-96bf-170311d6c08a,The Lean Startup: How Today's Entrepreneurs Use Continuous Innovation to Create Radically Successful Businesses,Business,33.92,3,2026-05-12 12:46:26.731913
f00e125f-5824-43f7-b881-51cbd71a62e1,Rework,Business,44.88,2,2026-05-12 12:46:26.731913
1eb4148c-9582-4d7c-bd41-b4ed44856db4,Louisa: The Extraordinary Life of Mrs. Adams,Biography,16.85,2,2026-05-12 12:46:26.731913
2ac4ff42-4c38-432f-b46c-5c2ac89a6f20,"Setting the World on Fire: The Brief, Astonishing Life of St. Catherine of Siena",Biography,21.15,2,2026-05-12 12:46:26.731913
3e6b0c4a-208b-43b3-b24e-d2da84ade2a4,The Faith of Christopher Hitchens: The Restless Soul of the World's Most Notorious Atheist,Biography,39.55,1,2026-05-12 12:46:26.731913
1fc35907-a1b5-4597-97b0-89a321af2631,Benjamin Franklin: An American Life,Biography,48.19,3,2026-05-12 12:46:26.731913
75f614a9-1661-4920-8f7c-bbce9d2f2136,The Rise of Theodore Roosevelt (Theodore Roosevelt #1),Biography,42.57,3,2026-05-12 12:46:26.731913
322b68e0-8814-4ef6-ba75-74ac6589796f,In Her Wake,Thriller,12.84,1,2026-05-12 12:46:26.731913
eb7a430c-f4fe-4e3a-b29e-08870a452339,The Elephant Tree,Thriller,23.82,5,2026-05-12 12:46:26.731913
4e7c4b84-ad65-43a7-8085-12e0203e269f,Behind Closed Doors,Thriller,52.22,4,2026-05-12 12:46:26.731913
4f4472ae-7b51-4282-b47e-9d9fbf1c7647,You (You #1),Thriller,43.61,5,2026-05-12 12:46:26.731913
d956295b-5470-4d51-8f8c-66bc72b7c7cc,The Guilty (Will Robie #4),Thriller,13.82,2,2026-05-12 12:46:26.731913
4caae907-234e-4370-a51b-64fa17fec334,The 14th Colony (Cotton Malone #11),Thriller,39.24,1,2026-05-12 12:46:26.731913
d7a0689e-ec6b-417b-b96d-93491e74e726,Give It Back,Thriller,18.32,2,2026-05-12 12:46:26.731913
5f9c128c-9a4c-47bc-8049-5868aa835464,Killing Floor (Jack Reacher #1),Thriller,31.49,4,2026-05-12 12:46:26.731913
51958edb-245d-4946-8851-51fce91173e6,The Bone Hunters (Lexy Vaughan & Steven Macaulay #2),Thriller,59.71,3,2026-05-12 12:46:26.731913
a0199309-3650-4764-a85e-c6da99fe6327,Far From True (Promise Falls Trilogy #2),Thriller,34.93,2,2026-05-12 12:46:26.731913
c139c834-ebd8-49fd-b0f8-8309f510a11b,The Travelers,Thriller,15.77,1,2026-05-12 12:46:26.731913
d61951a1-535d-49a6-b416-aae2f6c759bc,When We Collided,Contemporary,31.77,1,2026-05-12 12:46:26.731913
a1bb721a-49cf-4a93-bd9c-f64df71fd277,Someone Like You (The Harrisons #2),Contemporary,52.79,5,2026-05-12 12:46:26.731913
9d0f7b54-1eba-4124-ad83-8850e7049690,We Are All Completely Beside Ourselves,Contemporary,24.04,1,2026-05-12 12:46:26.731913
8312eafd-34b3-4976-a3ad-faea5d92c920,The Four Agreements: A Practical Guide to Personal Freedom,Spirituality,17.66,5,2026-05-12 12:46:26.731913
6891b28f-f22b-4250-b70d-ddf68cac99d3,The Activist's Tao Te Ching: Ancient Advice for a Modern Revolution,Spirituality,32.24,5,2026-05-12 12:46:26.731913
da896577-e9fa-4745-8738-b057a4aaa22c,Chasing Heaven: What Dying Taught Me About Living,Spirituality,37.8,2,2026-05-12 12:46:26.731913
cb79514d-bc99-41cd-ac41-7e496af1d3bc,If I Gave You God's Phone Number....: Searching for Spirituality in America,Spirituality,20.91,1,2026-05-12 12:46:26.731913
fcb45617-373a-43e8-a982-f361d872cc10,Unreasonable Hope: Finding Faith in the God Who Brings Purpose to Your Pain,Spirituality,46.33,2,2026-05-12 12:46:26.731913
4afa4ebe-922f-4fc6-9da9-55f8d3d647af,A New Earth: Awakening to Your Life's Purpose,Spirituality,55.65,5,2026-05-12 12:46:26.731913
aa091647-4954-44b7-84a6-63dd4cc98c90,Logan Kade (Fallen Crest High #5.5),Academic,13.12,2,2026-05-12 12:46:26.731913
84ce38c0-c4cd-4dd7-964e-8820ed766147,Online Marketing for Busy Authors: A Step-By-Step Guide,Self Help,46.35,1,2026-05-12 12:46:26.731913
43d723ec-5cc9-43e4-9bb7-fa5b6ed7131f,How to Be Miserable: 40 Strategies You Already Use,Self Help,46.03,1,2026-05-12 12:46:26.731913
14478b5b-7e85-4028-adbd-52cb4afd3ba5,"Overload: How to Unplug, Unwind, and Unleash Yourself from the Pressure of Stress",Self Help,52.15,3,2026-05-12 12:46:26.731913
d39280d2-495b-4f41-b6f6-914523129f01,You Are a Badass: How to Stop Doubting Your Greatness and Start Living an Awesome Life,Self Help,12.08,3,2026-05-12 12:46:26.731913
8fdbc5fc-e0f3-4f5b-a02e-4a7e3cfaa996,How to Stop Worrying and Start Living,Self Help,46.49,5,2026-05-12 12:46:26.731913
154c488c-9643-4910-a8e6-6be5a65b4b17,All the Light We Cannot See,Historical,29.87,5,2026-05-12 12:46:26.731913
ede41e15-d311-43b3-9896-5b407d88f2b1,The Girl You Left Behind (The Girl You Left Behind #1),Historical,15.79,1,2026-05-12 12:46:26.731913
683d4de6-514f-4729-8551-e7799d3b2703,(Un)Qualified: How God Uses Broken People to Do Big Things,Christian,54.0,5,2026-05-12 12:46:26.731913
fa2d127e-3116-4a3a-90a0-35afaf4d63f1,Crazy Love: Overwhelmed by a Relentless God,Christian,47.72,2,2026-05-12 12:46:26.731913
046a661e-f56d-4816-a532-fb8790c80113,Blue Like Jazz: Nonreligious Thoughts on Christian Spirituality,Christian,25.77,1,2026-05-12 12:46:26.731913
6f92fe82-e74d-4199-950b-799c25ec9545,Silence in the Dark (Logan Point #4),Suspense,58.33,3,2026-05-12 12:46:26.731913
2d971240-ddaf-43fc-9b45-52e861f9ea9f,The Grownup,Short Stories,35.88,1,2026-05-12 12:46:26.731913
e646c384-dc41-4158-bbb7-823bfa302e90,Suzie Snowflake: One beautiful flake (a self-esteem story),Novels,54.81,5,2026-05-12 12:46:26.731913
40b6096b-4096-4af8-8d7a-2973a243aa19,"The Bulletproof Diet: Lose up to a Pound a Day, Reclaim Energy and Focus, Upgrade Your Life",Health,49.05,3,2026-05-12 12:46:26.731913
c7ac4ec5-208a-4930-84f5-e00b27d34816,"Eat Fat, Get Thin",Health,54.07,2,2026-05-12 12:46:26.731913
215c7fe3-febc-4cad-8440-36fae4aff62c,10-Day Green Smoothie Cleanse: Lose Up to 15 Pounds in 10 Days!,Health,49.71,5,2026-05-12 12:46:26.731913
dd45872a-4c3c-4c6f-9ed6-4c0772a77c72,The Art and Science of Low Carbohydrate Living,Health,52.98,5,2026-05-12 12:46:26.731913
5caa8352-7a85-4aae-b207-8cde5629c0b3,Libertarianism for Beginners,Politics,51.33,2,2026-05-12 12:46:26.731913
97e35b53-499e-47b8-be0d-526812826896,Why the Right Went Wrong: Conservatism--From Goldwater to the Tea Party and Beyond,Politics,52.65,4,2026-05-12 12:46:26.731913
dd7fb564-7a5f-4eae-b163-824a2dd1d965,Equal Is Unfair: America's Misguided Fight Against Income Inequality,Politics,56.86,1,2026-05-12 12:46:26.731913
af16058c-eead-46b4-9966-655dd6cb7703,Amid the Chaos,Cultural,36.58,1,2026-05-12 12:46:26.731913
970a2ce3-a5f3-4c52-8366-af199d330086,Dark Notes,Erotica,19.19,5,2026-05-12 12:46:26.731913
9bed2ad3-9f97-43a4-92c0-9d8ad0ae0d85,The Long Shadow of Small Ghosts: Murder and Memory in an American City,Crime,10.97,1,2026-05-12 12:46:26.731913
